index,N_object,Name,Algoritmos de clustering,samples,n_feats,k_real,k_GMM,distributions,compactness_factor,alpha_n,outliers,add_noise,index,silluette,bh,rtl,sd,db,xb,ch,dnn,mr,pb,rt,wg,c,UW
0,0,edisonn0.xlsx,GMM,5000,2,2,2:40,logistic,0.1,1,500,0,0,21,2,21,40,2,2,2,2,21,20,2,2,6,9
1,1,edisonn1.xlsx,GMM,5000,2,2,2:40,logistic,0.1,5,500,0,1,21,2,21,40,2,21,6,20,21,2,2,3,21,2
2,2,edisonn2.xlsx,GMM,5000,2,2,2:40,logistic,0.3,1,500,0,2,20,16,21,36,2,2,2,2,21,21,2,2,21,3
3,3,edisonn3.xlsx,GMM,5000,2,2,2:40,logistic,0.3,5,500,0,3,19,2,21,40,2,6,2,5,21,21,2,2,6,11
4,4,edisonn4.xlsx,GMM,5000,2,3,2:40,logistic,0.1,1,500,0,4,17,2,22,42,2,2,2,2,22,22,2,2,6,3
5,5,edisonn5.xlsx,GMM,5000,2,3,2:40,logistic,0.1,5,500,0,5,21,2,22,42,2,18,20,2,18,22,2,4,18,2
6,6,edisonn6.xlsx,GMM,5000,2,3,2:40,logistic,0.3,1,500,0,6,19,5,22,42,2,22,2,2,22,22,2,2,22,2
7,7,edisonn7.xlsx,GMM,5000,2,3,2:40,logistic,0.3,5,500,0,7,19,3,22,42,2,2,2,2,19,22,2,2,9,12
8,8,edisonn8.xlsx,GMM,5000,2,4,2:40,logistic,0.1,1,500,0,8,21,3,23,44,3,2,3,2,23,23,3,3,9,2
9,9,edisonn9.xlsx,GMM,5000,2,4,2:40,logistic,0.1,5,500,0,9,23,2,23,44,2,23,23,23,23,2,19,5,23,13
10,10,edisonn10.xlsx,GMM,5000,2,4,2:40,logistic,0.3,1,500,0,10,21,10,23,44,2,2,2,2,23,18,2,2,22,2
11,11,edisonn11.xlsx,GMM,5000,2,4,2:40,logistic,0.3,5,500,0,11,23,2,23,44,2,2,8,2,23,23,4,5,8,13
12,12,edisonn12.xlsx,GMM,5000,2,5,2:40,logistic,0.1,1,500,0,12,22,6,24,46,2,3,9,3,24,24,2,2,9,14
13,13,edisonn13.xlsx,GMM,5000,2,5,2:40,logistic,0.1,5,500,0,13,23,2,24,46,2,2,22,2,24,24,15,22,15,2
14,14,edisonn14.xlsx,GMM,5000,2,5,2:40,logistic,0.3,1,500,0,14,21,19,24,46,2,2,2,2,24,20,2,2,24,2
15,15,edisonn15.xlsx,GMM,5000,2,5,2:40,logistic,0.3,5,500,0,15,22,4,24,46,2,2,2,2,24,24,2,2,13,14
16,16,edisonn16.xlsx,GMM,5000,2,6,2:40,logistic,0.1,1,500,0,16,19,10,25,48,4,4,4,4,25,25,4,4,4,15
17,17,edisonn17.xlsx,GMM,5000,2,6,2:40,logistic,0.1,5,500,0,17,25,5,25,48,5,25,24,2,25,2,3,14,25,3
18,18,edisonn18.xlsx,GMM,5000,2,6,2:40,logistic,0.3,1,500,0,18,23,17,25,48,3,21,3,4,25,25,3,3,25,4
19,19,edisonn19.xlsx,GMM,5000,2,6,2:40,logistic,0.3,5,500,0,19,21,5,25,48,5,2,9,2,25,25,3,5,15,15
20,20,edisonn20.xlsx,GMM,5000,2,7,2:40,logistic,0.1,1,500,0,20,26,9,26,48,4,6,6,3,26,26,3,4,4,16
21,21,edisonn21.xlsx,GMM,5000,2,7,2:40,logistic,0.1,5,500,0,21,25,6,26,50,5,2,26,2,26,11,3,15,26,2
22,22,edisonn22.xlsx,GMM,5000,2,7,2:40,logistic,0.3,1,500,0,22,25,15,26,50,3,4,3,4,26,26,3,3,26,2
23,23,edisonn23.xlsx,GMM,5000,2,7,2:40,logistic,0.3,5,500,0,23,26,13,26,50,6,6,21,2,26,26,3,6,15,16
24,24,edisonn24.xlsx,GMM,5000,2,8,2:40,logistic,0.1,1,500,0,24,27,10,27,52,5,3,5,3,27,26,3,5,12,2
25,25,edisonn25.xlsx,GMM,5000,2,8,2:40,logistic,0.1,5,500,0,25,26,7,27,52,4,27,27,2,27,2,3,11,27,2
26,26,edisonn26.xlsx,GMM,5000,2,8,2:40,logistic,0.3,1,500,0,26,27,19,27,52,3,27,8,20,27,27,3,2,27,2
27,27,edisonn27.xlsx,GMM,5000,2,8,2:40,logistic,0.3,5,500,0,27,25,7,27,52,4,6,6,5,27,27,3,6,20,17
28,28,edisonn28.xlsx,GMM,5000,2,9,2:40,logistic,0.1,1,500,0,28,23,16,28,54,4,2,8,2,28,28,3,5,25,2
29,29,edisonn29.xlsx,GMM,5000,2,9,2:40,logistic,0.1,5,500,0,29,27,7,28,54,4,28,28,20,28,2,4,14,28,4
30,30,edisonn30.xlsx,GMM,5000,2,9,2:40,logistic,0.3,1,500,0,30,26,26,28,54,3,4,3,3,27,28,3,3,27,3
31,31,edisonn31.xlsx,GMM,5000,2,9,2:40,logistic,0.3,5,500,0,31,24,14,28,54,5,28,24,24,27,2,4,12,27,18
32,32,edisonn32.xlsx,GMM,5000,2,10,2:40,logistic,0.1,1,500,0,32,29,25,29,48,8,29,10,26,29,29,5,10,15,19
33,33,edisonn33.xlsx,GMM,5000,2,10,2:40,logistic,0.1,5,500,0,33,29,10,29,56,4,19,28,10,29,29,4,11,19,19
34,34,edisonn34.xlsx,GMM,5000,2,10,2:40,logistic,0.3,1,500,0,34,28,27,29,56,6,12,4,9,29,29,2,2,28,2
35,35,edisonn35.xlsx,GMM,5000,2,10,2:40,logistic,0.3,5,500,0,35,29,14,29,56,6,11,11,8,29,28,4,11,19,19
36,36,edisonn36.xlsx,GMM,5000,2,11,2:40,logistic,0.1,1,500,0,36,30,16,30,58,7,6,11,6,30,30,13,11,19,3
37,37,edisonn37.xlsx,GMM,5000,2,11,2:40,logistic,0.1,5,500,0,37,30,9,30,58,4,17,30,14,30,30,4,19,30,2
38,38,edisonn38.xlsx,GMM,5000,2,11,2:40,logistic,0.3,1,500,0,38,27,26,30,58,3,3,2,3,30,30,3,2,28,4
39,39,edisonn39.xlsx,GMM,5000,2,11,2:40,logistic,0.3,5,500,0,39,28,8,30,58,8,22,18,5,30,30,4,12,22,20
40,40,edisonn40.xlsx,GMM,5000,2,12,2:40,logistic,0.1,1,500,0,0,31,13,31,60,11,24,19,19,31,31,5,6,31,3
41,41,edisonn41.xlsx,GMM,5000,2,12,2:40,logistic,0.1,5,500,0,1,30,6,31,60,3,31,31,31,31,2,3,28,31,2
42,42,edisonn42.xlsx,GMM,5000,2,12,2:40,logistic,0.3,1,500,0,2,31,23,31,60,4,31,4,23,31,31,4,2,30,3
43,43,edisonn43.xlsx,GMM,5000,2,12,2:40,logistic,0.3,5,500,0,3,29,5,31,60,3,8,19,8,31,2,3,3,18,21
44,44,edisonn44.xlsx,GMM,5000,2,13,2:40,logistic,0.1,1,500,0,4,25,3,32,60,22,3,22,2,32,32,3,17,26,2
45,45,edisonn45.xlsx,GMM,5000,2,13,2:40,logistic,0.1,5,500,0,5,32,9,32,60,7,2,32,2,32,22,3,22,32,2
46,46,edisonn46.xlsx,GMM,5000,2,13,2:40,logistic,0.3,1,500,0,6,27,14,32,62,9,32,9,9,32,32,3,3,31,2
47,47,edisonn47.xlsx,GMM,5000,2,13,2:40,logistic,0.3,5,500,0,7,31,5,32,62,5,3,23,3,32,32,3,18,32,21
48,48,edisonn48.xlsx,GMM,5000,2,14,2:40,logistic,0.1,1,500,0,8,32,11,33,64,10,20,11,11,29,33,4,8,29,23
49,49,edisonn49.xlsx,GMM,5000,2,14,2:40,logistic,0.1,5,500,0,9,33,7,33,64,7,33,33,2,33,33,2,17,33,2
50,50,edisonn50.xlsx,GMM,5000,2,14,2:40,logistic,0.3,1,500,0,10,32,29,33,64,5,9,5,9,33,33,3,3,33,2
51,51,edisonn51.xlsx,GMM,5000,2,14,2:40,logistic,0.3,5,500,0,11,30,4,33,64,3,2,30,2,33,33,2,14,20,23
52,52,edisonn52.xlsx,GMM,5000,2,15,2:40,logistic,0.1,1,500,0,12,31,13,34,60,5,11,11,3,34,34,3,11,23,24
53,53,edisonn53.xlsx,GMM,5000,2,15,2:40,logistic,0.1,5,500,0,13,33,8,34,66,8,2,34,2,34,31,7,33,34,2
54,54,edisonn54.xlsx,GMM,5000,2,15,2:40,logistic,0.3,1,500,0,14,34,28,34,66,3,21,3,16,34,34,3,3,34,2
55,55,edisonn55.xlsx,GMM,5000,2,15,2:40,logistic,0.3,5,500,0,15,29,7,34,66,7,2,30,2,34,34,7,12,34,24
56,56,edisonn56.xlsx,GMM,5000,2,16,2:40,logistic,0.1,1,500,0,16,33,11,35,68,9,2,8,2,35,35,8,10,31,2
57,57,edisonn57.xlsx,GMM,5000,2,16,2:40,logistic,0.1,5,500,0,17,35,9,35,68,3,6,35,4,35,34,3,22,35,2
58,58,edisonn58.xlsx,GMM,5000,2,16,2:40,logistic,0.3,1,500,0,18,35,28,35,68,3,35,3,25,35,35,3,3,35,4
59,59,edisonn59.xlsx,GMM,5000,2,16,2:40,logistic,0.3,5,500,0,19,35,26,35,34,10,3,15,2,35,35,3,10,30,25
60,60,edisonn60.xlsx,GMM,5000,2,17,2:40,logistic,0.1,1,500,0,20,30,18,36,68,14,23,20,23,36,36,3,15,31,2
61,61,edisonn61.xlsx,GMM,5000,2,17,2:40,logistic,0.1,5,500,0,21,36,8,36,70,3,4,36,3,36,2,3,36,36,4
62,62,edisonn62.xlsx,GMM,5000,2,17,2:40,logistic,0.3,1,500,0,22,36,33,36,64,3,10,4,8,36,36,3,3,36,2
63,63,edisonn63.xlsx,GMM,5000,2,17,2:40,logistic,0.3,5,500,0,23,35,9,36,70,3,30,31,3,36,2,3,32,36,26
64,64,edisonn64.xlsx,GMM,5000,2,18,2:40,logistic,0.1,1,500,0,24,34,32,37,62,10,8,13,8,37,37,4,10,37,2
65,65,edisonn65.xlsx,GMM,5000,2,18,2:40,logistic,0.1,5,500,0,25,36,16,37,72,18,2,37,2,37,37,4,23,37,4
66,66,edisonn66.xlsx,GMM,5000,2,18,2:40,logistic,0.3,1,500,0,26,33,31,37,72,4,19,4,19,37,37,4,4,37,2
67,67,edisonn67.xlsx,GMM,5000,2,18,2:40,logistic,0.3,5,500,0,27,35,6,37,62,4,26,29,2,37,37,4,15,26,27
68,68,edisonn68.xlsx,GMM,5000,2,19,2:40,logistic,0.1,1,500,0,28,37,13,38,74,9,16,17,14,38,38,10,17,33,2
69,69,edisonn69.xlsx,GMM,5000,2,19,2:40,logistic,0.1,5,500,0,29,35,11,38,74,11,38,37,27,38,2,7,25,37,2
70,70,edisonn70.xlsx,GMM,5000,2,19,2:40,logistic,0.3,1,500,0,30,38,31,38,74,3,3,4,3,38,38,3,3,38,2
71,71,edisonn71.xlsx,GMM,5000,2,19,2:40,logistic,0.3,5,500,0,31,33,17,38,74,7,26,34,26,38,38,4,17,26,2
72,72,edisonn72.xlsx,GMM,5000,2,20,2:40,logistic,0.1,1,500,0,32,34,16,39,68,7,25,24,4,39,39,3,20,25,29
73,73,edisonn73.xlsx,GMM,5000,2,20,2:40,logistic,0.1,5,500,0,33,36,16,39,74,9,3,35,2,39,39,4,28,37,4
74,74,edisonn74.xlsx,GMM,5000,2,20,2:40,logistic,0.3,1,500,0,34,35,36,39,76,3,39,4,32,39,39,3,3,39,5
75,75,edisonn75.xlsx,GMM,5000,2,20,2:40,logistic,0.3,5,500,0,35,36,11,39,76,11,20,26,19,39,39,5,13,32,29
76,76,edisonn76.xlsx,GMM,5000,2,21,2:40,logistic,0.1,1,500,0,36,29,13,40,74,10,3,29,3,40,40,8,18,40,30
77,77,edisonn77.xlsx,GMM,5000,2,21,2:40,logistic,0.1,5,500,0,37,40,10,40,78,6,4,39,2,40,40,4,33,40,2
78,78,edisonn78.xlsx,GMM,5000,2,21,2:40,logistic,0.3,1,500,0,38,36,38,40,78,4,13,4,2,40,40,4,2,38,2
79,79,edisonn79.xlsx,GMM,5000,2,21,2:40,logistic,0.3,5,500,0,39,37,10,40,78,10,4,39,4,40,40,4,8,34,30
80,80,edisonn80.xlsx,GMM,5000,2,22,2:40,logistic,0.1,1,500,0,40,39,7,41,80,6,41,31,22,41,41,3,3,40,2
81,81,edisonn81.xlsx,GMM,5000,2,22,2:40,logistic,0.1,5,500,0,41,40,9,41,80,6,2,41,2,41,41,2,39,41,2
82,82,edisonn82.xlsx,GMM,5000,2,22,2:40,logistic,0.3,1,500,0,42,40,37,41,80,5,41,6,4,41,41,6,3,41,2
83,83,edisonn83.xlsx,GMM,5000,2,22,2:40,logistic,0.3,5,500,0,43,40,10,41,80,10,2,41,2,41,41,2,15,41,2
84,84,edisonn84.xlsx,GMM,5000,2,23,2:40,logistic,0.1,1,500,0,44,35,10,42,82,6,30,29,2,42,42,4,24,30,3
85,85,edisonn85.xlsx,GMM,5000,2,23,2:40,logistic,0.1,5,500,0,45,42,13,42,82,11,4,42,4,42,42,4,36,42,2
86,86,edisonn86.xlsx,GMM,5000,2,23,2:40,logistic,0.3,1,500,0,46,41,33,42,82,7,8,7,7,41,42,7,7,41,2
87,87,edisonn87.xlsx,GMM,5000,2,23,2:40,logistic,0.3,5,500,0,47,40,15,41,80,15,4,41,4,42,42,4,21,42,32
88,88,edisonn88.xlsx,GMM,5000,2,24,2:40,logistic,0.1,1,500,0,48,37,13,43,84,6,43,43,43,43,43,6,7,42,2
89,89,edisonn89.xlsx,GMM,5000,2,24,2:40,logistic,0.1,5,500,0,49,43,8,43,84,3,4,43,4,43,43,3,35,43,2
90,90,edisonn90.xlsx,GMM,5000,2,24,2:40,logistic,0.3,1,500,0,50,39,41,43,84,6,31,6,2,43,43,6,6,42,2
91,91,edisonn91.xlsx,GMM,5000,2,24,2:40,logistic,0.3,5,500,0,51,42,3,43,84,14,23,43,23,43,43,3,19,43,33
92,92,edisonn92.xlsx,GMM,5000,2,25,2:40,logistic,0.1,1,500,0,52,42,23,44,80,9,30,28,2,44,44,9,28,43,34
93,93,edisonn93.xlsx,GMM,5000,2,25,2:40,logistic,0.1,5,500,0,53,44,5,44,86,4,3,44,2,44,44,3,39,44,2
94,94,edisonn94.xlsx,GMM,5000,2,25,2:40,logistic,0.3,1,500,0,54,44,42,44,86,6,44,3,2,44,44,3,2,44,2
95,95,edisonn95.xlsx,GMM,5000,2,25,2:40,logistic,0.3,5,500,0,55,40,5,44,84,4,2,38,2,44,44,3,32,44,33
96,96,edisonn96.xlsx,GMM,5000,2,26,2:40,logistic,0.1,1,500,0,56,44,13,45,88,6,45,36,45,45,45,3,6,45,2
97,97,edisonn97.xlsx,GMM,5000,2,26,2:40,logistic,0.1,5,500,0,57,45,13,45,88,4,4,45,2,45,45,4,43,45,2
98,98,edisonn98.xlsx,GMM,5000,2,26,2:40,logistic,0.3,1,500,0,58,44,38,45,88,6,36,6,2,45,45,4,6,45,2
99,99,edisonn99.xlsx,GMM,5000,2,26,2:40,logistic,0.3,5,500,0,59,44,16,45,66,16,5,35,4,45,45,4,19,37,35
100,100,edisonn100.xlsx,GMM,5000,2,27,2:40,logistic,0.1,1,500,0,60,46,18,46,68,16,28,35,2,46,46,4,35,44,2
101,101,edisonn101.xlsx,GMM,5000,2,27,2:40,logistic,0.1,5,500,0,61,46,18,46,90,16,46,38,45,46,2,3,45,42,3
102,102,edisonn102.xlsx,GMM,5000,2,27,2:40,logistic,0.3,1,500,0,62,43,45,46,90,4,46,4,42,46,46,4,4,46,4
103,103,edisonn103.xlsx,GMM,5000,2,27,2:40,logistic,0.3,5,500,0,63,43,20,46,88,13,39,41,39,46,2,5,13,39,3
104,104,edisonn104.xlsx,GMM,5000,2,28,2:40,logistic,0.1,1,500,0,64,47,28,47,92,15,47,38,41,47,47,4,12,38,2
105,105,edisonn105.xlsx,GMM,5000,2,28,2:40,logistic,0.1,5,500,0,65,44,14,47,66,14,47,44,2,47,47,8,42,44,2
106,106,edisonn106.xlsx,GMM,5000,2,28,2:40,logistic,0.3,1,500,0,66,47,44,47,92,3,47,4,3,47,47,4,3,45,2
107,107,edisonn107.xlsx,GMM,5000,2,28,2:40,logistic,0.3,5,500,0,67,47,34,47,44,13,47,46,37,47,2,13,26,47,37
108,108,edisonn108.xlsx,GMM,5000,2,29,2:40,logistic,0.1,1,500,0,68,48,24,48,88,13,48,36,33,48,47,4,13,48,38
109,109,edisonn109.xlsx,GMM,5000,2,29,2:40,logistic,0.1,5,500,0,69,45,15,48,94,13,48,48,43,48,48,11,45,48,2
110,110,edisonn110.xlsx,GMM,5000,2,29,2:40,logistic,0.3,1,500,0,70,47,26,48,94,4,48,4,38,47,48,4,4,42,2
111,111,edisonn111.xlsx,GMM,5000,2,29,2:40,logistic,0.3,5,500,0,71,44,27,48,94,16,48,41,41,48,48,18,32,48,38
112,112,edisonn112.xlsx,GMM,5000,2,30,2:40,logistic,0.1,1,500,0,72,48,46,49,90,8,49,35,34,49,49,8,35,49,2
113,113,edisonn113.xlsx,GMM,5000,2,30,2:40,logistic,0.1,5,500,0,73,47,18,49,96,15,3,49,3,49,49,3,44,49,4
114,114,edisonn114.xlsx,GMM,5000,2,30,2:40,logistic,0.3,1,500,0,74,47,25,49,96,4,49,5,18,49,49,4,5,49,2
115,115,edisonn115.xlsx,GMM,5000,2,30,2:40,logistic,0.3,5,500,0,75,44,11,48,90,4,4,42,4,49,49,4,38,49,4
116,116,edisonn116.xlsx,GMM,5000,2,31,2:40,logistic,0.1,1,500,0,76,49,36,50,98,11,50,49,49,50,2,6,21,49,2
117,117,edisonn117.xlsx,GMM,5000,2,31,2:40,logistic,0.1,5,500,0,77,50,9,50,98,9,50,50,2,50,50,5,47,50,2
118,118,edisonn118.xlsx,GMM,5000,2,31,2:40,logistic,0.3,1,500,0,78,48,46,50,98,4,50,4,32,50,47,4,4,50,3
119,119,edisonn119.xlsx,GMM,5000,2,31,2:40,logistic,0.3,5,500,0,79,44,10,50,98,6,2,50,2,50,50,3,47,48,2
120,120,edisonn120.xlsx,GMM,5000,2,32,2:40,logistic,0.1,1,500,0,80,50,19,51,100,3,2,45,2,51,51,2,33,51,2
121,121,edisonn121.xlsx,GMM,5000,2,32,2:40,logistic,0.1,5,500,0,81,49,12,51,86,12,51,51,2,51,51,5,51,51,2
122,122,edisonn122.xlsx,GMM,5000,2,32,2:40,logistic,0.3,1,500,0,82,51,24,51,100,3,7,2,7,51,51,2,2,51,2
123,123,edisonn123.xlsx,GMM,5000,2,32,2:40,logistic,0.3,5,500,0,83,50,9,51,100,5,2,47,2,51,51,5,48,48,2
124,124,edisonn124.xlsx,GMM,5000,2,33,2:40,logistic,0.1,1,500,0,84,52,16,52,102,10,2,52,2,52,51,8,35,52,2
125,125,edisonn125.xlsx,GMM,5000,2,33,2:40,logistic,0.1,5,500,0,85,52,7,52,102,4,2,52,2,52,52,3,51,52,2
126,126,edisonn126.xlsx,GMM,5000,2,33,2:40,logistic,0.3,1,500,0,86,50,43,52,102,4,52,6,33,52,52,5,4,47,4
127,127,edisonn127.xlsx,GMM,5000,2,33,2:40,logistic,0.3,5,500,0,87,50,14,52,102,11,2,48,2,52,52,3,48,48,2
128,128,edisonn128.xlsx,GMM,5000,2,34,2:40,logistic,0.1,1,500,0,88,53,41,53,104,13,12,49,3,53,53,3,11,53,2
129,129,edisonn129.xlsx,GMM,5000,2,34,2:40,logistic,0.1,5,500,0,89,53,32,53,102,9,8,53,7,53,53,9,41,53,2
130,130,edisonn130.xlsx,GMM,5000,2,34,2:40,logistic,0.3,1,500,0,90,53,49,53,104,3,32,14,25,53,53,3,3,53,2
131,131,edisonn131.xlsx,GMM,5000,2,34,2:40,logistic,0.3,5,500,0,91,50,20,53,102,12,53,52,48,53,53,9,20,53,2
132,132,edisonn132.xlsx,GMM,5000,2,35,2:40,logistic,0.1,1,500,0,92,52,13,54,106,11,54,47,45,54,54,4,40,49,44
133,133,edisonn133.xlsx,GMM,5000,2,35,2:40,logistic,0.1,5,500,0,93,53,15,54,106,14,9,53,8,54,54,18,54,54,4
134,134,edisonn134.xlsx,GMM,5000,2,35,2:40,logistic,0.3,1,500,0,94,50,53,54,106,10,54,10,9,54,54,4,10,54,2
135,135,edisonn135.xlsx,GMM,5000,2,35,2:40,logistic,0.3,5,500,0,95,50,9,54,102,9,36,54,27,54,54,7,23,54,5
136,136,edisonn136.xlsx,GMM,5000,2,36,2:40,logistic,0.1,1,500,0,96,54,24,55,108,19,55,52,2,55,55,16,32,52,45
137,137,edisonn137.xlsx,GMM,5000,2,36,2:40,logistic,0.1,5,500,0,97,52,17,55,108,9,3,54,3,55,51,3,41,55,2
138,138,edisonn138.xlsx,GMM,5000,2,36,2:40,logistic,0.3,1,500,0,98,50,53,55,108,4,7,19,7,55,55,4,4,54,2
139,139,edisonn139.xlsx,GMM,5000,2,36,2:40,logistic,0.3,5,500,0,99,51,15,55,108,11,2,55,2,55,55,9,32,51,2
140,140,edisonn140.xlsx,GMM,5000,2,37,2:40,logistic,0.1,1,500,0,100,54,16,56,110,14,16,44,2,56,56,4,38,55,2
141,141,edisonn141.xlsx,GMM,5000,2,37,2:40,logistic,0.1,5,500,0,101,56,14,56,110,14,56,56,55,56,2,5,54,56,2
142,142,edisonn142.xlsx,GMM,5000,2,37,2:40,logistic,0.3,1,500,0,102,46,54,56,110,5,56,22,38,56,56,3,14,56,4
143,143,edisonn143.xlsx,GMM,5000,2,37,2:40,logistic,0.3,5,500,0,103,48,10,56,110,9,56,55,25,56,56,6,31,56,46
144,144,edisonn144.xlsx,GMM,5000,2,38,2:40,logistic,0.1,1,500,0,104,56,11,57,112,4,51,57,40,57,57,4,36,57,2
145,145,edisonn145.xlsx,GMM,5000,2,38,2:40,logistic,0.1,5,500,0,105,49,42,57,82,6,57,57,31,57,57,2,57,57,2
146,146,edisonn146.xlsx,GMM,5000,2,38,2:40,logistic,0.3,1,500,0,106,55,47,57,112,4,57,4,48,57,57,4,4,52,2
147,147,edisonn147.xlsx,GMM,5000,2,38,2:40,logistic,0.3,5,500,0,107,51,13,57,112,51,57,57,55,57,57,7,57,57,2
148,148,edisonn148.xlsx,GMM,5000,2,39,2:40,logistic,0.1,1,500,0,108,55,42,58,114,19,40,54,6,58,58,4,33,56,2
149,149,edisonn149.xlsx,GMM,5000,2,39,2:40,logistic,0.1,5,500,0,109,58,23,58,114,12,2,58,2,58,58,13,56,58,2
150,150,edisonn150.xlsx,GMM,5000,2,39,2:40,logistic,0.3,1,500,0,110,56,43,58,114,4,57,4,45,58,58,4,4,58,2
151,151,edisonn151.xlsx,GMM,5000,2,39,2:40,logistic,0.3,5,500,0,111,56,19,58,114,3,30,56,4,58,58,2,30,58,48
152,152,edisonn152.xlsx,GMM,5000,2,40,2:40,logistic,0.1,1,500,0,112,58,28,59,116,6,59,59,4,59,59,7,44,59,2
153,153,edisonn153.xlsx,GMM,5000,2,40,2:40,logistic,0.1,5,500,0,113,59,36,59,62,22,59,59,3,59,59,6,57,59,2
154,154,edisonn154.xlsx,GMM,5000,2,40,2:40,logistic,0.3,1,500,0,114,56,49,59,116,4,59,13,6,59,59,4,5,59,4
155,155,edisonn155.xlsx,GMM,5000,2,40,2:40,logistic,0.3,5,500,0,115,59,23,59,116,23,59,59,58,59,59,6,40,59,2
156,156,edisonn156.xlsx,GMM,5000,10,2,2:40,logistic,0.1,1,500,0,116,12,2,17,2,2,7,3,3,7,21,3,3,7,11
157,157,edisonn157.xlsx,GMM,5000,10,2,2:40,logistic,0.1,5,500,0,117,19,3,20,4,3,3,3,2,21,3,2,3,21,2
158,158,edisonn158.xlsx,GMM,5000,10,2,2:40,logistic,0.3,1,500,0,118,16,18,17,30,2,4,2,4,4,21,2,2,4,3
159,159,edisonn159.xlsx,GMM,5000,10,2,2:40,logistic,0.3,5,500,0,119,10,3,19,4,3,12,3,8,12,21,3,3,12,11
160,160,edisonn160.xlsx,GMM,5000,10,3,2:40,logistic,0.1,1,500,0,120,8,4,18,6,4,6,4,6,6,22,4,4,6,11
161,161,edisonn161.xlsx,GMM,5000,10,3,2:40,logistic,0.1,5,500,0,121,21,4,22,6,4,4,4,3,22,2,4,4,22,2
162,162,edisonn162.xlsx,GMM,5000,10,3,2:40,logistic,0.3,1,500,0,122,17,18,22,40,4,5,2,4,5,18,4,4,5,4
163,163,edisonn163.xlsx,GMM,5000,10,3,2:40,logistic,0.3,5,500,0,123,18,4,22,6,4,4,4,3,16,2,4,4,16,12
164,164,edisonn164.xlsx,GMM,5000,10,4,2:40,logistic,0.1,1,500,0,124,22,5,23,8,4,3,4,3,6,21,4,4,3,10
165,165,edisonn165.xlsx,GMM,5000,10,4,2:40,logistic,0.1,5,500,0,125,5,6,23,8,5,4,5,4,23,2,4,5,23,4
166,166,edisonn166.xlsx,GMM,5000,10,4,2:40,logistic,0.3,1,500,0,126,23,18,23,44,3,3,2,3,23,22,3,3,4,2
167,167,edisonn167.xlsx,GMM,5000,10,4,2:40,logistic,0.3,5,500,0,127,16,5,22,8,5,4,5,4,14,2,4,5,14,13
168,168,edisonn168.xlsx,GMM,5000,10,5,2:40,logistic,0.1,1,500,0,128,24,6,24,10,6,6,6,4,7,2,6,6,7,13
169,169,edisonn169.xlsx,GMM,5000,10,5,2:40,logistic,0.1,5,500,0,129,24,5,24,8,5,5,5,2,24,4,5,5,2,2
170,170,edisonn170.xlsx,GMM,5000,10,5,2:40,logistic,0.3,1,500,0,130,12,18,23,34,6,3,3,3,6,24,3,6,6,6
171,171,edisonn171.xlsx,GMM,5000,10,5,2:40,logistic,0.3,5,500,0,131,21,6,24,10,6,5,5,2,19,3,2,6,2,14
172,172,edisonn172.xlsx,GMM,5000,10,6,2:40,logistic,0.1,1,500,0,132,22,5,25,14,5,5,8,4,15,21,5,8,9,15
173,173,edisonn173.xlsx,GMM,5000,10,6,2:40,logistic,0.1,5,500,0,133,9,6,25,10,6,6,9,2,25,3,2,9,2,2
174,174,edisonn174.xlsx,GMM,5000,10,6,2:40,logistic,0.3,1,500,0,134,15,6,24,30,6,7,4,6,9,25,4,6,9,2
175,175,edisonn175.xlsx,GMM,5000,10,6,2:40,logistic,0.3,5,500,0,135,21,5,25,14,5,5,8,2,24,3,2,8,2,2
176,176,edisonn176.xlsx,GMM,5000,10,7,2:40,logistic,0.1,1,500,0,136,17,7,26,16,7,7,9,3,14,2,7,9,14,16
177,177,edisonn177.xlsx,GMM,5000,10,7,2:40,logistic,0.1,5,500,0,137,8,8,26,14,8,8,8,3,26,2,8,8,26,2
178,178,edisonn178.xlsx,GMM,5000,10,7,2:40,logistic,0.3,1,500,0,138,9,11,24,34,7,7,4,7,23,26,7,7,7,2
179,179,edisonn179.xlsx,GMM,5000,10,7,2:40,logistic,0.3,5,500,0,139,22,8,24,14,8,8,8,2,26,4,2,8,2,2
180,180,edisonn180.xlsx,GMM,5000,10,8,2:40,logistic,0.1,1,500,0,140,20,7,27,22,7,10,9,3,23,2,5,9,10,17
181,181,edisonn181.xlsx,GMM,5000,10,8,2:40,logistic,0.1,5,500,0,141,20,7,27,12,7,7,10,3,27,2,26,26,27,2
182,182,edisonn182.xlsx,GMM,5000,10,8,2:40,logistic,0.3,1,500,0,142,23,9,27,34,5,5,3,5,26,2,5,6,9,4
183,183,edisonn183.xlsx,GMM,5000,10,8,2:40,logistic,0.3,5,500,0,143,25,5,27,18,5,5,10,3,26,2,25,10,26,17
184,184,edisonn184.xlsx,GMM,5000,10,9,2:40,logistic,0.1,1,500,0,144,23,6,28,22,2,2,12,2,26,28,2,12,2,3
185,185,edisonn185.xlsx,GMM,5000,10,9,2:40,logistic,0.1,5,500,0,145,10,10,28,18,10,10,10,4,28,2,8,10,28,4
186,186,edisonn186.xlsx,GMM,5000,10,9,2:40,logistic,0.3,1,500,0,146,17,6,28,48,2,2,2,2,17,27,2,2,2,2
187,187,edisonn187.xlsx,GMM,5000,10,9,2:40,logistic,0.3,5,500,0,147,10,5,28,18,10,10,10,4,24,2,8,10,24,6
188,188,edisonn188.xlsx,GMM,5000,10,10,2:40,logistic,0.1,1,500,0,148,29,6,29,20,5,22,13,3,22,2,22,13,22,19
189,189,edisonn189.xlsx,GMM,5000,10,10,2:40,logistic,0.1,5,500,0,149,14,8,29,20,8,8,14,2,29,4,2,14,2,2
190,190,edisonn190.xlsx,GMM,5000,10,10,2:40,logistic,0.3,1,500,0,150,26,8,24,26,8,8,6,8,16,2,6,8,11,3
191,191,edisonn191.xlsx,GMM,5000,10,10,2:40,logistic,0.3,5,500,0,151,14,6,29,20,6,6,13,2,29,7,2,14,2,2
192,192,edisonn192.xlsx,GMM,5000,10,11,2:40,logistic,0.1,1,500,0,152,24,11,30,20,11,14,14,3,25,2,21,11,25,2
193,193,edisonn193.xlsx,GMM,5000,10,11,2:40,logistic,0.1,5,500,0,153,13,11,30,24,11,11,13,2,30,8,2,13,2,2
194,194,edisonn194.xlsx,GMM,5000,10,11,2:40,logistic,0.3,1,500,0,154,19,19,30,34,11,11,11,8,29,3,9,11,14,2
195,195,edisonn195.xlsx,GMM,5000,10,11,2:40,logistic,0.3,5,500,0,155,16,10,30,24,10,10,13,2,30,3,2,13,2,2
196,196,edisonn196.xlsx,GMM,5000,10,12,2:40,logistic,0.1,1,500,0,156,27,10,31,18,10,10,10,5,31,3,10,17,31,21
197,197,edisonn197.xlsx,GMM,5000,10,12,2:40,logistic,0.1,5,500,0,157,16,10,30,24,10,10,16,2,30,7,2,30,2,2
198,198,edisonn198.xlsx,GMM,5000,10,12,2:40,logistic,0.3,1,500,0,158,26,9,29,30,9,13,2,11,22,30,9,13,13,2
199,199,edisonn199.xlsx,GMM,5000,10,12,2:40,logistic,0.3,5,500,0,159,20,12,29,22,12,12,17,2,30,8,2,12,2,2
200,200,edisonn200.xlsx,GMM,5000,10,13,2:40,logistic,0.1,1,500,0,160,23,12,32,18,10,10,17,2,32,5,2,17,32,6
201,201,edisonn201.xlsx,GMM,5000,10,13,2:40,logistic,0.1,5,500,0,161,25,10,32,24,10,2,18,2,32,10,2,30,2,2
202,202,edisonn202.xlsx,GMM,5000,10,13,2:40,logistic,0.3,1,500,0,162,26,16,32,36,10,15,10,14,29,32,10,15,15,3
203,203,edisonn203.xlsx,GMM,5000,10,13,2:40,logistic,0.3,5,500,0,163,32,9,32,22,2,2,21,2,32,12,2,28,2,3
204,204,edisonn204.xlsx,GMM,5000,10,14,2:40,logistic,0.1,1,500,0,164,28,13,33,24,13,2,15,2,33,9,2,33,2,2
205,205,edisonn205.xlsx,GMM,5000,10,14,2:40,logistic,0.1,5,500,0,165,22,10,32,32,10,10,17,2,32,5,2,17,2,2
206,206,edisonn206.xlsx,GMM,5000,10,14,2:40,logistic,0.3,1,500,0,166,33,6,33,38,2,2,2,2,25,32,2,2,2,2
207,207,edisonn207.xlsx,GMM,5000,10,14,2:40,logistic,0.3,5,500,0,167,21,10,32,30,2,29,19,2,33,7,2,33,2,2
208,208,edisonn208.xlsx,GMM,5000,10,15,2:40,logistic,0.1,1,500,0,168,30,9,34,26,14,34,21,34,34,5,34,24,34,2
209,209,edisonn209.xlsx,GMM,5000,10,15,2:40,logistic,0.1,5,500,0,169,18,12,34,20,11,11,19,4,34,3,33,34,34,2
210,210,edisonn210.xlsx,GMM,5000,10,15,2:40,logistic,0.3,1,500,0,170,26,18,32,32,17,18,2,14,31,33,2,17,18,2
211,211,edisonn211.xlsx,GMM,5000,10,15,2:40,logistic,0.3,5,500,0,171,19,16,34,36,11,34,19,3,34,2,34,19,34,2
212,212,edisonn212.xlsx,GMM,5000,10,16,2:40,logistic,0.1,1,500,0,172,21,6,34,40,2,34,21,2,34,12,2,32,34,7
213,213,edisonn213.xlsx,GMM,5000,10,16,2:40,logistic,0.1,5,500,0,173,27,10,35,24,2,2,2,2,35,10,2,30,2,2
214,214,edisonn214.xlsx,GMM,5000,10,16,2:40,logistic,0.3,1,500,0,174,30,17,31,32,9,19,4,18,31,2,9,17,23,2
215,215,edisonn215.xlsx,GMM,5000,10,16,2:40,logistic,0.3,5,500,0,175,30,9,35,30,2,2,21,2,35,15,2,33,2,2
216,216,edisonn216.xlsx,GMM,5000,10,17,2:40,logistic,0.1,1,500,0,176,35,11,36,34,11,25,22,5,36,4,32,25,36,6
217,217,edisonn217.xlsx,GMM,5000,10,17,2:40,logistic,0.1,5,500,0,177,35,9,36,30,2,2,26,2,36,7,2,32,2,2
218,218,edisonn218.xlsx,GMM,5000,10,17,2:40,logistic,0.3,1,500,0,178,34,17,36,40,2,2,2,2,36,33,2,21,25,2
219,219,edisonn219.xlsx,GMM,5000,10,17,2:40,logistic,0.3,5,500,0,179,30,9,36,32,2,2,21,2,36,6,2,26,2,2
220,220,edisonn220.xlsx,GMM,5000,10,18,2:40,logistic,0.1,1,500,0,180,21,12,36,40,21,35,21,4,37,3,34,21,37,2
221,221,edisonn221.xlsx,GMM,5000,10,18,2:40,logistic,0.1,5,500,0,181,26,15,35,34,15,15,25,2,37,13,2,35,2,2
222,222,edisonn222.xlsx,GMM,5000,10,18,2:40,logistic,0.3,1,500,0,182,27,25,34,42,2,2,2,2,27,36,2,2,2,2
223,223,edisonn223.xlsx,GMM,5000,10,18,2:40,logistic,0.3,5,500,0,183,26,16,37,30,16,16,22,2,37,14,2,29,2,2
224,224,edisonn224.xlsx,GMM,5000,10,19,2:40,logistic,0.1,1,500,0,184,24,5,38,36,19,38,24,3,38,2,29,34,38,2
225,225,edisonn225.xlsx,GMM,5000,10,19,2:40,logistic,0.1,5,500,0,185,27,12,38,38,12,38,23,3,38,2,35,38,38,2
226,226,edisonn226.xlsx,GMM,5000,10,19,2:40,logistic,0.3,1,500,0,186,26,18,36,40,2,2,2,2,33,38,2,25,26,2
227,227,edisonn227.xlsx,GMM,5000,10,19,2:40,logistic,0.3,5,500,0,187,36,16,38,36,10,38,25,3,38,2,33,38,38,2
228,228,edisonn228.xlsx,GMM,5000,10,20,2:40,logistic,0.1,1,500,0,188,27,17,38,44,2,2,25,2,38,39,2,25,2,2
229,229,edisonn229.xlsx,GMM,5000,10,20,2:40,logistic,0.1,5,500,0,189,24,10,39,46,2,2,28,2,39,10,2,35,2,3
230,230,edisonn230.xlsx,GMM,5000,10,20,2:40,logistic,0.3,1,500,0,190,32,9,39,54,2,2,2,2,32,39,2,2,2,3
231,231,edisonn231.xlsx,GMM,5000,10,20,2:40,logistic,0.3,5,500,0,191,25,12,38,44,2,2,25,2,39,7,2,25,2,2
232,232,edisonn232.xlsx,GMM,5000,10,21,2:40,logistic,0.1,1,500,0,192,31,25,40,46,2,40,24,2,40,8,2,37,2,2
233,233,edisonn233.xlsx,GMM,5000,10,21,2:40,logistic,0.1,5,500,0,193,26,26,40,42,2,2,26,2,40,12,2,26,2,2
234,234,edisonn234.xlsx,GMM,5000,10,21,2:40,logistic,0.3,1,500,0,194,35,9,39,60,2,2,2,2,36,40,2,2,2,2
235,235,edisonn235.xlsx,GMM,5000,10,21,2:40,logistic,0.3,5,500,0,195,28,12,40,44,2,2,2,2,40,5,2,40,2,2
236,236,edisonn236.xlsx,GMM,5000,10,22,2:40,logistic,0.1,1,500,0,196,25,13,41,48,13,41,25,4,41,3,35,41,38,4
237,237,edisonn237.xlsx,GMM,5000,10,22,2:40,logistic,0.1,5,500,0,197,35,13,41,46,24,41,24,2,41,18,2,41,2,2
238,238,edisonn238.xlsx,GMM,5000,10,22,2:40,logistic,0.3,1,500,0,198,33,23,40,38,2,2,2,2,41,35,2,26,2,4
239,239,edisonn239.xlsx,GMM,5000,10,22,2:40,logistic,0.3,5,500,0,199,28,25,41,48,25,41,28,3,41,10,35,39,41,2
240,240,edisonn240.xlsx,GMM,5000,10,23,2:40,logistic,0.1,1,500,0,200,41,8,42,38,20,42,33,3,42,2,42,33,42,2
241,241,edisonn241.xlsx,GMM,5000,10,23,2:40,logistic,0.1,5,500,0,201,36,11,42,54,2,2,2,2,42,19,2,42,2,2
242,242,edisonn242.xlsx,GMM,5000,10,23,2:40,logistic,0.3,1,500,0,202,32,10,42,56,2,2,2,2,42,42,2,2,2,4
243,243,edisonn243.xlsx,GMM,5000,10,23,2:40,logistic,0.3,5,500,0,203,38,10,42,44,2,2,2,2,42,22,2,37,2,3
244,244,edisonn244.xlsx,GMM,5000,10,24,2:40,logistic,0.1,1,500,0,204,30,13,43,58,2,43,30,2,43,26,2,35,2,2
245,245,edisonn245.xlsx,GMM,5000,10,24,2:40,logistic,0.1,5,500,0,205,33,13,43,60,13,2,31,2,43,28,2,43,2,2
246,246,edisonn246.xlsx,GMM,5000,10,24,2:40,logistic,0.3,1,500,0,206,36,18,43,34,2,2,2,2,42,43,2,2,2,2
247,247,edisonn247.xlsx,GMM,5000,10,24,2:40,logistic,0.3,5,500,0,207,43,12,43,50,2,2,36,2,43,30,2,36,2,2
248,248,edisonn248.xlsx,GMM,5000,10,25,2:40,logistic,0.1,1,500,0,208,43,10,44,44,2,2,2,2,44,6,2,42,2,2
249,249,edisonn249.xlsx,GMM,5000,10,25,2:40,logistic,0.1,5,500,0,209,27,10,44,52,19,44,34,2,44,10,2,37,2,2
250,250,edisonn250.xlsx,GMM,5000,10,25,2:40,logistic,0.3,1,500,0,210,38,13,44,48,2,2,2,2,39,44,2,29,2,2
251,251,edisonn251.xlsx,GMM,5000,10,25,2:40,logistic,0.3,5,500,0,211,28,28,44,48,2,2,28,2,44,24,2,39,2,2
252,252,edisonn252.xlsx,GMM,5000,10,26,2:40,logistic,0.1,1,500,0,212,37,25,45,54,15,44,37,2,45,20,2,42,45,2
253,253,edisonn253.xlsx,GMM,5000,10,26,2:40,logistic,0.1,5,500,0,213,34,20,45,60,2,2,33,2,45,13,2,42,2,2
254,254,edisonn254.xlsx,GMM,5000,10,26,2:40,logistic,0.3,1,500,0,214,40,15,44,54,2,2,2,2,44,45,2,28,2,2
255,255,edisonn255.xlsx,GMM,5000,10,26,2:40,logistic,0.3,5,500,0,215,40,19,45,54,28,2,31,2,45,17,2,31,2,3
256,256,edisonn256.xlsx,GMM,5000,10,27,2:40,logistic,0.1,1,500,0,216,46,32,44,62,32,44,32,4,44,3,41,40,44,3
257,257,edisonn257.xlsx,GMM,5000,10,27,2:40,logistic,0.1,5,500,0,217,38,7,46,48,2,2,2,2,46,26,2,45,2,2
258,258,edisonn258.xlsx,GMM,5000,10,27,2:40,logistic,0.3,1,500,0,218,45,23,46,42,17,38,3,28,46,2,32,38,38,2
259,259,edisonn259.xlsx,GMM,5000,10,27,2:40,logistic,0.3,5,500,0,219,44,13,46,52,2,2,2,2,46,23,2,46,2,2
260,260,edisonn260.xlsx,GMM,5000,10,28,2:40,logistic,0.1,1,500,0,220,41,10,47,44,2,2,2,2,47,21,2,45,2,2
261,261,edisonn261.xlsx,GMM,5000,10,28,2:40,logistic,0.1,5,500,0,221,44,9,47,62,2,2,2,2,47,25,2,43,2,2
262,262,edisonn262.xlsx,GMM,5000,10,28,2:40,logistic,0.3,1,500,0,222,47,10,47,68,2,2,2,2,47,14,2,2,2,2
263,263,edisonn263.xlsx,GMM,5000,10,28,2:40,logistic,0.3,5,500,0,223,44,15,46,54,2,2,2,2,46,25,2,46,2,2
264,264,edisonn264.xlsx,GMM,5000,10,29,2:40,logistic,0.1,1,500,0,224,43,14,45,52,27,47,2,2,47,18,2,41,2,2
265,265,edisonn265.xlsx,GMM,5000,10,29,2:40,logistic,0.1,5,500,0,225,48,30,48,58,2,2,2,2,48,18,2,48,2,2
266,266,edisonn266.xlsx,GMM,5000,10,29,2:40,logistic,0.3,1,500,0,226,46,13,48,48,2,2,2,2,48,44,2,38,2,2
267,267,edisonn267.xlsx,GMM,5000,10,29,2:40,logistic,0.3,5,500,0,227,48,10,48,62,2,2,2,2,48,9,2,38,2,2
268,268,edisonn268.xlsx,GMM,5000,10,30,2:40,logistic,0.1,1,500,0,228,35,6,49,68,2,49,2,2,49,18,2,47,2,2
269,269,edisonn269.xlsx,GMM,5000,10,30,2:40,logistic,0.1,5,500,0,229,45,24,49,64,2,42,2,2,49,11,2,42,2,4
270,270,edisonn270.xlsx,GMM,5000,10,30,2:40,logistic,0.3,1,500,0,230,47,27,49,74,2,2,2,2,49,46,2,42,2,2
271,271,edisonn271.xlsx,GMM,5000,10,30,2:40,logistic,0.3,5,500,0,231,38,13,49,74,2,2,2,2,49,24,2,48,2,4
272,272,edisonn272.xlsx,GMM,5000,10,31,2:40,logistic,0.1,1,500,0,232,44,23,47,68,35,47,45,3,49,2,47,45,48,2
273,273,edisonn273.xlsx,GMM,5000,10,31,2:40,logistic,0.1,5,500,0,233,44,15,50,58,2,2,2,2,50,23,2,44,2,2
274,274,edisonn274.xlsx,GMM,5000,10,31,2:40,logistic,0.3,1,500,0,234,49,18,50,68,2,2,2,2,50,50,2,42,2,2
275,275,edisonn275.xlsx,GMM,5000,10,31,2:40,logistic,0.3,5,500,0,235,43,15,50,68,2,2,2,2,49,7,2,50,2,2
276,276,edisonn276.xlsx,GMM,5000,10,32,2:40,logistic,0.1,1,500,0,236,42,11,51,74,36,51,44,3,51,2,49,45,51,2
277,277,edisonn277.xlsx,GMM,5000,10,32,2:40,logistic,0.1,5,500,0,237,45,15,50,62,2,2,2,2,50,14,2,45,2,3
278,278,edisonn278.xlsx,GMM,5000,10,32,2:40,logistic,0.3,1,500,0,238,49,19,47,58,2,2,2,2,47,51,2,47,2,2
279,279,edisonn279.xlsx,GMM,5000,10,32,2:40,logistic,0.3,5,500,0,239,51,26,51,48,2,2,2,2,51,19,2,51,2,3
280,280,edisonn280.xlsx,GMM,5000,10,33,2:40,logistic,0.1,1,500,0,240,49,17,52,58,2,52,2,2,52,23,2,52,2,2
281,281,edisonn281.xlsx,GMM,5000,10,33,2:40,logistic,0.1,5,500,0,241,41,17,52,72,2,51,2,2,52,22,2,51,2,2
282,282,edisonn282.xlsx,GMM,5000,10,33,2:40,logistic,0.3,1,500,0,242,44,29,47,82,2,2,2,2,47,52,2,42,2,2
283,283,edisonn283.xlsx,GMM,5000,10,33,2:40,logistic,0.3,5,500,0,243,47,25,52,70,2,52,2,2,52,32,2,49,2,2
284,284,edisonn284.xlsx,GMM,5000,10,34,2:40,logistic,0.1,1,500,0,244,45,13,53,84,2,2,2,2,53,37,2,53,2,2
285,285,edisonn285.xlsx,GMM,5000,10,34,2:40,logistic,0.1,5,500,0,245,45,16,53,80,2,2,2,2,53,24,2,45,2,5
286,286,edisonn286.xlsx,GMM,5000,10,34,2:40,logistic,0.3,1,500,0,246,52,21,53,78,2,2,2,2,53,21,2,47,2,2
287,287,edisonn287.xlsx,GMM,5000,10,34,2:40,logistic,0.3,5,500,0,247,45,33,53,74,2,2,2,2,53,25,2,51,2,2
288,288,edisonn288.xlsx,GMM,5000,10,35,2:40,logistic,0.1,1,500,0,248,44,4,54,70,2,2,2,2,54,27,2,53,2,2
289,289,edisonn289.xlsx,GMM,5000,10,35,2:40,logistic,0.1,5,500,0,249,46,32,54,72,2,2,2,2,54,26,2,54,2,3
290,290,edisonn290.xlsx,GMM,5000,10,35,2:40,logistic,0.3,1,500,0,250,49,17,52,58,2,52,2,2,52,23,2,52,2,2
291,291,edisonn291.xlsx,GMM,5000,10,35,2:40,logistic,0.3,5,500,0,251,41,17,52,72,2,51,2,2,52,22,2,51,2,2
292,292,edisonn292.xlsx,GMM,5000,10,36,2:40,logistic,0.1,1,500,0,252,44,29,47,82,2,2,2,2,47,52,2,42,2,2
293,293,edisonn293.xlsx,GMM,5000,10,36,2:40,logistic,0.1,5,500,0,253,47,25,52,70,2,52,2,2,52,32,2,49,2,3
294,294,edisonn294.xlsx,GMM,5000,10,36,2:40,logistic,0.3,1,500,0,254,45,13,53,84,2,2,2,2,53,37,2,53,2,2
295,295,edisonn295.xlsx,GMM,5000,10,36,2:40,logistic,0.3,5,500,0,255,45,16,53,80,2,2,2,2,53,24,2,45,2,2
296,296,edisonn296.xlsx,GMM,5000,10,37,2:40,logistic,0.1,1,500,0,256,52,21,53,78,2,2,2,2,53,21,2,47,2,2
297,297,edisonn297.xlsx,GMM,5000,10,37,2:40,logistic,0.1,5,500,0,257,45,33,53,74,2,2,2,2,53,25,2,51,2,8
298,298,edisonn298.xlsx,GMM,5000,10,37,2:40,logistic,0.3,1,500,0,258,44,4,54,70,2,2,2,2,54,27,2,53,2,2
299,299,edisonn299.xlsx,GMM,5000,10,37,2:40,logistic,0.3,5,500,0,259,46,32,54,72,2,2,2,2,54,26,2,54,2,6
300,300,edisonn300.xlsx,GMM,5000,10,38,2:40,logistic,0.1,1,500,0,260,53,13,57,78,2,46,2,2,57,23,2,54,2,2
301,301,edisonn301.xlsx,GMM,5000,10,38,2:40,logistic,0.1,5,500,0,261,54,17,57,74,2,57,2,2,57,30,2,57,2,3
302,302,edisonn302.xlsx,GMM,5000,10,38,2:40,logistic,0.3,1,500,0,262,52,20,57,68,2,2,2,2,55,57,2,47,2,2
303,303,edisonn303.xlsx,GMM,5000,10,38,2:40,logistic,0.3,5,500,0,263,57,14,57,92,2,2,2,2,57,28,2,57,2,3
304,304,edisonn304.xlsx,GMM,5000,10,39,2:40,logistic,0.1,1,500,0,264,56,20,58,84,2,2,2,2,58,41,2,57,2,2
305,305,edisonn305.xlsx,GMM,5000,10,39,2:40,logistic,0.1,5,500,0,265,57,21,57,72,2,2,2,2,57,33,2,57,2,4
306,306,edisonn306.xlsx,GMM,5000,10,39,2:40,logistic,0.3,1,500,0,266,58,13,58,94,2,2,2,2,58,56,2,51,2,2
307,307,edisonn307.xlsx,GMM,5000,10,39,2:40,logistic,0.3,5,500,0,267,57,17,58,90,2,2,2,2,58,34,2,58,2,5
308,308,edisonn308.xlsx,GMM,5000,10,40,2:40,logistic,0.1,1,500,0,268,50,10,58,82,2,58,2,2,58,35,2,58,2,2
309,309,edisonn309.xlsx,GMM,5000,10,40,2:40,logistic,0.1,5,500,0,269,50,24,58,98,2,58,2,2,59,20,2,53,2,4
310,310,edisonn310.xlsx,GMM,5000,10,40,2:40,logistic,0.3,1,500,0,270,56,12,59,72,2,2,2,2,59,54,2,51,2,2
311,311,edisonn311.xlsx,GMM,5000,10,40,2:40,logistic,0.3,5,500,0,271,55,27,58,98,2,58,2,2,59,30,2,57,2,2
312,312,edisonn312.xlsx,GMM,5000,20,2,2:40,logistic,0.1,1,500,0,272,8,3,21,4,3,3,3,3,6,20,3,3,6,8
313,313,edisonn313.xlsx,GMM,5000,20,2,2:40,logistic,0.1,5,500,0,273,3,3,21,4,3,2,3,2,21,3,2,3,2,3
314,314,edisonn314.xlsx,GMM,5000,20,2,2:40,logistic,0.3,1,500,0,274,3,5,20,36,3,3,3,3,3,21,3,3,3,3
315,315,edisonn315.xlsx,GMM,5000,20,2,2:40,logistic,0.3,5,500,0,275,8,3,21,4,3,2,3,2,6,18,2,3,2,11
316,316,edisonn316.xlsx,GMM,5000,20,3,2:40,logistic,0.1,1,500,0,276,20,4,22,6,4,4,4,2,5,21,4,4,2,12
317,317,edisonn317.xlsx,GMM,5000,20,3,2:40,logistic,0.1,5,500,0,277,4,4,22,6,4,4,4,2,22,3,4,4,2,4
318,318,edisonn318.xlsx,GMM,5000,20,3,2:40,logistic,0.3,1,500,0,278,4,7,22,32,4,4,3,4,4,20,4,4,4,4
319,319,edisonn319.xlsx,GMM,5000,20,3,2:40,logistic,0.3,5,500,0,279,4,4,22,6,4,4,4,2,22,3,4,4,2,4
320,320,edisonn320.xlsx,GMM,5000,20,4,2:40,logistic,0.1,1,500,0,280,11,7,22,12,4,4,4,4,9,23,4,4,4,9
321,321,edisonn321.xlsx,GMM,5000,20,4,2:40,logistic,0.1,5,500,0,281,5,5,23,8,5,4,5,3,23,2,5,5,23,5
322,322,edisonn322.xlsx,GMM,5000,20,4,2:40,logistic,0.3,1,500,0,282,4,19,23,42,4,4,4,5,5,22,4,4,5,5
323,323,edisonn323.xlsx,GMM,5000,20,4,2:40,logistic,0.3,5,500,0,283,5,5,23,8,5,4,5,4,16,2,5,5,16,13
324,324,edisonn324.xlsx,GMM,5000,20,5,2:40,logistic,0.1,1,500,0,284,6,6,24,10,6,6,6,4,11,2,6,6,11,14
325,325,edisonn325.xlsx,GMM,5000,20,5,2:40,logistic,0.1,5,500,0,285,6,6,22,10,6,6,6,3,22,2,6,6,22,3
326,326,edisonn326.xlsx,GMM,5000,20,5,2:40,logistic,0.3,1,500,0,286,6,6,24,34,6,6,5,6,6,19,6,6,6,8
327,327,edisonn327.xlsx,GMM,5000,20,5,2:40,logistic,0.3,5,500,0,287,6,6,23,10,6,6,6,3,24,2,6,6,24,6
328,328,edisonn328.xlsx,GMM,5000,20,6,2:40,logistic,0.1,1,500,0,288,15,5,25,14,5,11,8,2,11,22,2,8,2,15
329,329,edisonn329.xlsx,GMM,5000,20,6,2:40,logistic,0.1,5,500,0,289,7,7,25,12,7,7,7,3,25,2,7,7,25,3
330,330,edisonn330.xlsx,GMM,5000,20,6,2:40,logistic,0.3,1,500,0,290,10,16,25,28,2,2,5,2,10,25,2,2,2,2
331,331,edisonn331.xlsx,GMM,5000,20,6,2:40,logistic,0.3,5,500,0,291,20,6,25,10,6,6,9,3,25,2,6,6,25,3
332,332,edisonn332.xlsx,GMM,5000,20,7,2:40,logistic,0.1,1,500,0,292,10,5,25,16,5,11,9,4,11,3,5,9,11,15
333,333,edisonn333.xlsx,GMM,5000,20,7,2:40,logistic,0.1,5,500,0,293,8,8,26,14,8,8,8,3,26,2,8,8,26,3
334,334,edisonn334.xlsx,GMM,5000,20,7,2:40,logistic,0.3,1,500,0,294,11,16,26,30,7,5,3,3,11,22,7,7,7,2
335,335,edisonn335.xlsx,GMM,5000,20,7,2:40,logistic,0.3,5,500,0,295,8,8,26,14,8,8,8,3,26,2,8,8,26,3
336,336,edisonn336.xlsx,GMM,5000,20,8,2:40,logistic,0.1,1,500,0,296,10,8,27,14,8,8,10,2,24,27,8,8,2,17
337,337,edisonn337.xlsx,GMM,5000,20,8,2:40,logistic,0.1,5,500,0,297,12,7,27,18,2,2,10,2,27,5,2,10,2,3
338,338,edisonn338.xlsx,GMM,5000,20,8,2:40,logistic,0.3,1,500,0,298,16,17,27,32,2,2,3,2,14,26,2,2,2,2
339,339,edisonn339.xlsx,GMM,5000,20,8,2:40,logistic,0.3,5,500,0,299,15,7,26,12,7,2,11,2,26,4,2,26,2,3
340,340,edisonn340.xlsx,GMM,5000,20,9,2:40,logistic,0.1,1,500,0,300,10,10,28,18,10,2,10,2,28,5,2,10,2,2
341,341,edisonn341.xlsx,GMM,5000,20,9,2:40,logistic,0.1,5,500,0,301,10,10,28,18,10,10,10,2,27,3,10,10,2,10
342,342,edisonn342.xlsx,GMM,5000,20,9,2:40,logistic,0.3,1,500,0,302,27,9,27,24,2,2,2,2,14,28,2,2,2,2
343,343,edisonn343.xlsx,GMM,5000,20,9,2:40,logistic,0.3,5,500,0,303,10,10,28,18,10,10,10,2,28,4,10,10,2,6
344,344,edisonn344.xlsx,GMM,5000,20,10,2:40,logistic,0.1,1,500,0,304,12,2,29,18,10,27,12,2,27,3,2,10,2,2
345,345,edisonn345.xlsx,GMM,5000,20,10,2:40,logistic,0.1,5,500,0,305,12,10,27,22,10,10,12,3,29,2,10,10,29,3
346,346,edisonn346.xlsx,GMM,5000,20,10,2:40,logistic,0.3,1,500,0,306,22,10,29,18,2,2,2,2,14,29,2,2,2,2
347,347,edisonn347.xlsx,GMM,5000,20,10,2:40,logistic,0.3,5,500,0,307,11,11,29,20,11,11,11,2,29,5,11,11,2,3
348,348,edisonn348.xlsx,GMM,5000,20,11,2:40,logistic,0.1,1,500,0,308,25,12,28,20,11,11,11,4,29,2,11,11,29,3
349,349,edisonn349.xlsx,GMM,5000,20,11,2:40,logistic,0.1,5,500,0,309,14,6,30,26,2,30,14,2,30,7,2,24,2,12
350,350,edisonn350.xlsx,GMM,5000,20,11,2:40,logistic,0.3,1,500,0,310,17,11,30,20,2,2,2,2,17,30,2,2,2,2
351,351,edisonn351.xlsx,GMM,5000,20,11,2:40,logistic,0.3,5,500,0,311,16,11,30,20,11,11,14,2,28,7,2,11,2,8
352,352,edisonn352.xlsx,GMM,5000,20,12,2:40,logistic,0.1,1,500,0,312,14,9,31,26,2,23,14,2,27,6,2,14,2,21
353,353,edisonn353.xlsx,GMM,5000,20,12,2:40,logistic,0.1,5,500,0,313,17,9,29,28,2,29,15,2,31,5,2,29,2,15
354,354,edisonn354.xlsx,GMM,5000,20,12,2:40,logistic,0.3,1,500,0,314,24,25,30,38,2,2,2,2,30,31,2,2,2,2
355,355,edisonn355.xlsx,GMM,5000,20,12,2:40,logistic,0.3,5,500,0,315,13,13,31,24,13,13,13,2,31,7,2,13,2,5
356,356,edisonn356.xlsx,GMM,5000,20,13,2:40,logistic,0.1,1,500,0,316,19,13,32,24,13,13,15,5,32,2,13,13,32,2
357,357,edisonn357.xlsx,GMM,5000,20,13,2:40,logistic,0.1,5,500,0,317,14,7,32,26,14,14,14,2,32,6,2,14,2,4
358,358,edisonn358.xlsx,GMM,5000,20,13,2:40,logistic,0.3,1,500,0,318,22,13,31,34,11,16,13,7,28,2,11,15,16,2
359,359,edisonn359.xlsx,GMM,5000,20,13,2:40,logistic,0.3,5,500,0,319,14,10,32,28,2,2,15,2,32,5,2,15,2,3
360,360,edisonn360.xlsx,GMM,5000,20,14,2:40,logistic,0.1,1,500,0,320,32,15,33,24,12,33,20,2,33,5,2,30,2,2
361,361,edisonn361.xlsx,GMM,5000,20,14,2:40,logistic,0.1,5,500,0,321,26,16,33,24,13,2,16,2,33,7,2,32,2,16
362,362,edisonn362.xlsx,GMM,5000,20,14,2:40,logistic,0.3,1,500,0,322,33,14,33,26,2,2,2,2,23,31,2,2,2,2
363,363,edisonn363.xlsx,GMM,5000,20,14,2:40,logistic,0.3,5,500,0,323,20,10,33,26,2,2,20,2,33,5,2,33,2,10
364,364,edisonn364.xlsx,GMM,5000,20,15,2:40,logistic,0.1,1,500,0,324,26,19,34,34,2,18,18,2,34,8,2,28,2,2
365,365,edisonn365.xlsx,GMM,5000,20,15,2:40,logistic,0.1,5,500,0,325,21,16,34,30,12,2,19,2,34,6,2,27,2,4
366,366,edisonn366.xlsx,GMM,5000,20,15,2:40,logistic,0.3,1,500,0,326,22,18,34,34,2,2,2,2,22,33,2,2,2,19
367,367,edisonn367.xlsx,GMM,5000,20,15,2:40,logistic,0.3,5,500,0,327,19,14,34,26,14,14,16,2,33,9,2,14,2,4
368,368,edisonn368.xlsx,GMM,5000,20,16,2:40,logistic,0.1,1,500,0,328,18,13,35,34,13,35,18,3,35,2,11,18,35,25
369,369,edisonn369.xlsx,GMM,5000,20,16,2:40,logistic,0.1,5,500,0,329,21,19,35,24,13,2,21,2,35,6,2,33,2,4
370,370,edisonn370.xlsx,GMM,5000,20,16,2:40,logistic,0.3,1,500,0,330,23,26,35,42,12,16,3,3,25,2,12,12,25,2
371,371,edisonn371.xlsx,GMM,5000,20,16,2:40,logistic,0.3,5,500,0,331,31,18,34,32,14,2,17,2,35,5,2,29,2,4
372,372,edisonn372.xlsx,GMM,5000,20,17,2:40,logistic,0.1,1,500,0,332,22,11,35,28,15,15,20,2,36,12,2,35,2,2
373,373,edisonn373.xlsx,GMM,5000,20,17,2:40,logistic,0.1,5,500,0,333,22,19,36,26,14,36,22,2,36,9,2,28,2,19
374,374,edisonn374.xlsx,GMM,5000,20,17,2:40,logistic,0.3,1,500,0,334,30,13,35,36,2,2,2,2,26,36,2,2,2,2
375,375,edisonn375.xlsx,GMM,5000,20,17,2:40,logistic,0.3,5,500,0,335,24,12,36,34,2,2,22,2,36,8,2,33,2,7
376,376,edisonn376.xlsx,GMM,5000,20,18,2:40,logistic,0.1,1,500,0,336,25,14,37,42,14,37,2,2,37,11,2,30,2,2
377,377,edisonn377.xlsx,GMM,5000,20,18,2:40,logistic,0.1,5,500,0,337,22,22,37,40,16,22,21,2,37,11,2,37,2,27
378,378,edisonn378.xlsx,GMM,5000,20,18,2:40,logistic,0.3,1,500,0,338,25,23,35,30,2,2,2,2,31,36,2,2,2,5
379,379,edisonn379.xlsx,GMM,5000,20,18,2:40,logistic,0.3,5,500,0,339,26,18,37,34,14,37,25,2,37,13,2,29,2,19
380,380,edisonn380.xlsx,GMM,5000,20,19,2:40,logistic,0.1,1,500,0,340,24,24,37,40,15,22,21,2,37,7,2,21,2,2
381,381,edisonn381.xlsx,GMM,5000,20,19,2:40,logistic,0.1,5,500,0,341,31,20,37,34,18,2,19,2,37,7,2,18,2,28
382,382,edisonn382.xlsx,GMM,5000,20,19,2:40,logistic,0.3,1,500,0,342,23,13,37,36,2,2,2,2,30,38,2,2,2,2
383,383,edisonn383.xlsx,GMM,5000,20,19,2:40,logistic,0.3,5,500,0,343,21,21,37,40,2,2,21,2,37,12,2,34,2,2
384,384,edisonn384.xlsx,GMM,5000,20,20,2:40,logistic,0.1,1,500,0,344,32,9,39,32,17,27,2,2,39,10,2,39,2,4
385,385,edisonn385.xlsx,GMM,5000,20,20,2:40,logistic,0.1,5,500,0,345,29,18,39,42,18,18,22,2,39,8,2,39,2,4
386,386,edisonn386.xlsx,GMM,5000,20,20,2:40,logistic,0.3,1,500,0,346,28,17,34,30,2,2,2,2,34,39,2,16,2,2
387,387,edisonn387.xlsx,GMM,5000,20,20,2:40,logistic,0.3,5,500,0,347,23,20,39,38,2,2,2,2,38,12,2,36,2,4
388,388,edisonn388.xlsx,GMM,5000,20,21,2:40,logistic,0.1,1,500,0,348,23,23,40,34,18,40,2,2,40,5,2,40,2,3
389,389,edisonn389.xlsx,GMM,5000,20,21,2:40,logistic,0.1,5,500,0,349,27,13,40,44,2,37,23,2,40,12,2,33,2,22
390,390,edisonn390.xlsx,GMM,5000,20,21,2:40,logistic,0.3,1,500,0,350,35,12,40,22,2,2,2,2,40,40,2,2,2,2
391,391,edisonn391.xlsx,GMM,5000,20,21,2:40,logistic,0.3,5,500,0,351,28,16,40,40,2,30,25,2,40,8,2,40,2,2
392,392,edisonn392.xlsx,GMM,5000,20,22,2:40,logistic,0.1,1,500,0,352,32,15,41,26,15,39,2,2,41,15,2,34,2,4
393,393,edisonn393.xlsx,GMM,5000,20,22,2:40,logistic,0.1,5,500,0,353,29,22,39,52,15,30,2,2,40,8,2,39,2,15
394,394,edisonn394.xlsx,GMM,5000,20,22,2:40,logistic,0.3,1,500,0,354,26,22,41,50,2,2,2,2,32,41,2,32,2,5
395,395,edisonn395.xlsx,GMM,5000,20,22,2:40,logistic,0.3,5,500,0,355,38,24,40,46,2,40,2,2,41,6,2,40,2,2
396,396,edisonn396.xlsx,GMM,5000,20,23,2:40,logistic,0.1,1,500,0,356,32,18,41,32,2,41,2,2,42,8,2,41,2,3
397,397,edisonn397.xlsx,GMM,5000,20,23,2:40,logistic,0.1,5,500,0,357,31,25,42,48,2,29,2,2,42,11,2,42,2,4
398,398,edisonn398.xlsx,GMM,5000,20,23,2:40,logistic,0.3,1,500,0,358,35,11,41,42,2,2,2,2,41,42,2,22,2,5
399,399,edisonn399.xlsx,GMM,5000,20,23,2:40,logistic,0.3,5,500,0,359,27,27,41,52,2,41,2,2,41,10,2,41,2,4
400,400,edisonn400.xlsx,GMM,5000,20,24,2:40,logistic,0.1,1,500,0,360,31,16,42,46,2,42,2,2,43,10,2,42,2,2
401,401,edisonn401.xlsx,GMM,5000,20,24,2:40,logistic,0.1,5,500,0,361,31,31,43,48,2,43,2,2,43,14,2,43,2,2
402,402,edisonn402.xlsx,GMM,5000,20,24,2:40,logistic,0.3,1,500,0,362,33,28,35,46,2,2,2,2,35,43,2,35,2,2
403,403,edisonn403.xlsx,GMM,5000,20,24,2:40,logistic,0.3,5,500,0,363,33,30,43,56,2,43,2,2,43,17,2,43,2,2
404,404,edisonn404.xlsx,GMM,5000,20,25,2:40,logistic,0.1,1,500,0,364,31,12,42,44,18,42,2,2,43,19,2,40,2,2
405,405,edisonn405.xlsx,GMM,5000,20,25,2:40,logistic,0.1,5,500,0,365,33,18,44,54,2,2,2,2,44,17,2,44,2,5
406,406,edisonn406.xlsx,GMM,5000,20,25,2:40,logistic,0.3,1,500,0,366,31,13,44,56,2,2,2,2,42,44,2,38,2,2
407,407,edisonn407.xlsx,GMM,5000,20,25,2:40,logistic,0.3,5,500,0,367,41,21,40,40,2,2,2,2,40,14,2,40,2,5
408,408,edisonn408.xlsx,GMM,5000,20,26,2:40,logistic,0.1,1,500,0,368,37,28,45,54,2,42,2,2,45,15,2,45,2,3
409,409,edisonn409.xlsx,GMM,5000,20,26,2:40,logistic,0.1,5,500,0,369,39,6,45,44,2,2,2,2,45,7,2,44,2,31
410,410,edisonn410.xlsx,GMM,5000,20,26,2:40,logistic,0.3,1,500,0,370,37,30,44,64,2,2,2,2,40,45,2,33,2,5
411,411,edisonn411.xlsx,GMM,5000,20,26,2:40,logistic,0.3,5,500,0,371,39,15,44,48,2,2,2,2,45,12,2,39,2,2
412,412,edisonn412.xlsx,GMM,5000,20,27,2:40,logistic,0.1,1,500,0,372,36,17,46,48,2,37,2,2,46,13,2,42,2,3
413,413,edisonn413.xlsx,GMM,5000,20,27,2:40,logistic,0.1,5,500,0,373,39,21,46,60,2,46,2,2,46,8,2,45,2,35
414,414,edisonn414.xlsx,GMM,5000,20,27,2:40,logistic,0.3,1,500,0,374,36,29,44,60,2,2,2,2,44,41,2,31,2,4
415,415,edisonn415.xlsx,GMM,5000,20,27,2:40,logistic,0.3,5,500,0,375,38,21,46,54,2,46,2,2,46,15,2,44,2,8
416,416,edisonn416.xlsx,GMM,5000,20,28,2:40,logistic,0.1,1,500,0,376,32,23,47,62,2,47,2,2,47,15,2,43,2,3
417,417,edisonn417.xlsx,GMM,5000,20,28,2:40,logistic,0.1,5,500,0,377,36,17,47,54,2,47,2,2,47,11,2,47,2,5
418,418,edisonn418.xlsx,GMM,5000,20,28,2:40,logistic,0.3,1,500,0,378,41,27,44,52,2,2,2,2,44,47,2,38,2,2
419,419,edisonn419.xlsx,GMM,5000,20,28,2:40,logistic,0.3,5,500,0,379,37,16,47,52,2,41,2,2,47,11,2,41,2,2
420,420,edisonn420.xlsx,GMM,5000,20,29,2:40,logistic,0.1,1,500,0,380,35,17,48,64,2,2,2,2,48,16,2,45,2,3
421,421,edisonn421.xlsx,GMM,5000,20,29,2:40,logistic,0.1,5,500,0,381,32,16,48,64,2,2,2,2,48,22,2,48,2,37
422,422,edisonn422.xlsx,GMM,5000,20,29,2:40,logistic,0.3,1,500,0,382,47,37,48,58,2,2,2,2,48,15,2,35,2,3
423,423,edisonn423.xlsx,GMM,5000,20,29,2:40,logistic,0.3,5,500,0,383,44,16,47,66,2,2,2,2,48,15,2,46,2,5
424,424,edisonn424.xlsx,GMM,5000,20,30,2:40,logistic,0.1,1,500,0,384,42,21,49,58,2,49,2,2,49,12,2,49,2,4
425,425,edisonn425.xlsx,GMM,5000,20,30,2:40,logistic,0.1,5,500,0,385,37,19,49,66,2,49,2,2,48,8,2,48,2,39
426,426,edisonn426.xlsx,GMM,5000,20,30,2:40,logistic,0.3,1,500,0,386,45,26,45,48,2,2,2,2,48,49,2,40,2,3
427,427,edisonn427.xlsx,GMM,5000,20,30,2:40,logistic,0.3,5,500,0,387,38,25,48,72,2,48,2,2,48,15,2,48,2,2
428,428,edisonn428.xlsx,GMM,5000,20,31,2:40,logistic,0.1,1,500,0,388,43,27,50,58,2,50,2,2,49,16,2,50,2,2
429,429,edisonn429.xlsx,GMM,5000,20,31,2:40,logistic,0.1,5,500,0,389,42,24,48,72,2,48,2,2,50,13,2,48,2,38
430,430,edisonn430.xlsx,GMM,5000,20,31,2:40,logistic,0.3,1,500,0,390,45,32,49,62,2,2,2,2,50,14,2,39,2,40
431,431,edisonn431.xlsx,GMM,5000,20,31,2:40,logistic,0.3,5,500,0,391,35,35,50,64,2,2,2,2,50,13,2,47,2,2
432,432,edisonn432.xlsx,GMM,5000,20,32,2:40,logistic,0.1,1,500,0,392,40,14,51,66,2,51,2,2,51,11,2,51,2,3
433,433,edisonn433.xlsx,GMM,5000,20,32,2:40,logistic,0.1,5,500,0,393,44,17,51,58,2,2,2,2,51,17,2,45,2,5
434,434,edisonn434.xlsx,GMM,5000,20,32,2:40,logistic,0.3,1,500,0,394,47,34,49,66,2,2,2,2,49,21,2,49,2,5
435,435,edisonn435.xlsx,GMM,5000,20,32,2:40,logistic,0.3,5,500,0,395,37,18,50,68,2,2,2,2,51,9,2,46,2,2
436,436,edisonn436.xlsx,GMM,5000,20,33,2:40,logistic,0.1,1,500,0,396,40,42,50,74,2,50,2,2,52,13,2,50,2,2
437,437,edisonn437.xlsx,GMM,5000,20,33,2:40,logistic,0.1,5,500,0,397,41,29,52,76,2,2,2,2,52,13,2,51,2,14
438,438,edisonn438.xlsx,GMM,5000,20,33,2:40,logistic,0.3,1,500,0,398,40,40,50,70,2,2,2,2,50,16,2,48,2,3
439,439,edisonn439.xlsx,GMM,5000,20,33,2:40,logistic,0.3,5,500,0,399,40,34,52,64,2,52,2,2,52,16,2,46,2,2
440,440,edisonn440.xlsx,GMM,5000,20,34,2:40,logistic,0.1,1,500,0,400,46,36,53,70,2,2,2,2,53,9,2,52,2,3
441,441,edisonn441.xlsx,GMM,5000,20,34,2:40,logistic,0.1,5,500,0,401,41,15,53,68,2,2,2,2,53,18,2,46,2,41
442,442,edisonn442.xlsx,GMM,5000,20,34,2:40,logistic,0.3,1,500,0,402,46,35,53,68,2,2,2,2,53,50,2,47,2,3
443,443,edisonn443.xlsx,GMM,5000,20,34,2:40,logistic,0.3,5,500,0,403,38,5,53,74,2,2,2,2,53,20,2,49,2,2
444,444,edisonn444.xlsx,GMM,5000,20,35,2:40,logistic,0.1,1,500,0,404,46,9,54,72,2,46,2,2,54,21,2,54,2,3
445,445,edisonn445.xlsx,GMM,5000,20,35,2:40,logistic,0.1,5,500,0,405,47,39,54,84,2,2,2,2,54,18,2,49,2,2
446,446,edisonn446.xlsx,GMM,5000,20,35,2:40,logistic,0.3,1,500,0,406,43,35,53,66,2,2,2,2,51,33,2,43,2,3
447,447,edisonn447.xlsx,GMM,5000,20,35,2:40,logistic,0.3,5,500,0,407,44,34,52,74,2,52,2,2,52,12,2,52,2,2
448,448,edisonn448.xlsx,GMM,5000,20,36,2:40,logistic,0.1,1,500,0,408,44,36,55,70,2,55,2,2,55,18,2,52,2,2
449,449,edisonn449.xlsx,GMM,5000,20,36,2:40,logistic,0.1,5,500,0,409,48,37,55,72,2,2,2,2,55,17,2,55,2,6
450,450,edisonn450.xlsx,GMM,5000,20,36,2:40,logistic,0.3,1,500,0,410,40,42,55,78,2,55,2,2,55,19,2,54,2,5
451,451,edisonn451.xlsx,GMM,5000,20,36,2:40,logistic,0.3,5,500,0,411,49,7,55,66,2,48,2,2,55,22,2,53,2,5
452,452,edisonn452.xlsx,GMM,5000,20,37,2:40,logistic,0.1,1,500,0,412,52,9,55,84,2,2,2,2,55,20,2,53,2,2
453,453,edisonn453.xlsx,GMM,5000,20,37,2:40,logistic,0.1,5,500,0,413,49,11,56,76,2,2,2,2,55,23,2,56,2,2
454,454,edisonn454.xlsx,GMM,5000,20,37,2:40,logistic,0.3,1,500,0,414,49,18,56,86,2,2,2,2,56,21,2,56,2,2
455,455,edisonn455.xlsx,GMM,5000,20,37,2:40,logistic,0.3,5,500,0,415,50,11,56,56,2,56,2,2,56,29,2,50,2,2
456,456,edisonn456.xlsx,GMM,5000,20,38,2:40,logistic,0.1,1,500,0,416,45,49,57,82,2,57,2,2,57,18,2,55,2,2
457,457,edisonn457.xlsx,GMM,5000,20,38,2:40,logistic,0.1,5,500,0,417,49,35,57,76,2,2,2,2,57,14,2,51,2,6
458,458,edisonn458.xlsx,GMM,5000,20,38,2:40,logistic,0.3,1,500,0,418,53,36,57,70,2,2,2,2,55,19,2,55,2,5
459,459,edisonn459.xlsx,GMM,5000,20,38,2:40,logistic,0.3,5,500,0,419,53,19,57,72,2,2,2,2,57,24,2,57,2,7
460,460,edisonn460.xlsx,GMM,5000,20,39,2:40,logistic,0.1,1,500,0,420,48,15,58,78,2,58,2,2,58,20,2,58,2,2
461,461,edisonn461.xlsx,GMM,5000,20,39,2:40,logistic,0.1,5,500,0,421,52,42,58,76,2,58,2,2,56,21,2,54,2,2
462,462,edisonn462.xlsx,GMM,5000,20,39,2:40,logistic,0.3,1,500,0,422,45,46,56,90,2,2,2,2,57,26,2,56,2,2
463,463,edisonn463.xlsx,GMM,5000,20,39,2:40,logistic,0.3,5,500,0,423,54,29,58,86,2,2,2,2,58,26,2,58,2,2
464,464,edisonn464.xlsx,GMM,5000,20,40,2:40,logistic,0.1,1,500,0,424,50,32,59,88,2,59,2,2,59,18,2,59,2,4
465,465,edisonn465.xlsx,GMM,5000,20,40,2:40,logistic,0.1,5,500,0,425,57,22,59,90,2,59,2,2,59,16,2,59,2,2
466,466,edisonn466.xlsx,GMM,5000,20,40,2:40,logistic,0.3,1,500,0,426,52,48,59,86,2,2,2,2,59,32,2,59,2,5
467,467,edisonn467.xlsx,GMM,5000,20,40,2:40,logistic,0.3,5,500,0,427,53,22,59,80,2,59,2,2,59,18,2,59,2,6
468,468,edisonn468.xlsx,GMM,5000,40,2,2:40,logistic,0.1,1,500,0,428,3,4,17,6,3,3,3,3,3,21,3,3,3,11
469,469,edisonn469.xlsx,GMM,5000,40,2,2:40,logistic,0.1,5,500,0,429,3,3,21,4,3,3,3,3,21,2,3,3,21,3
470,470,edisonn470.xlsx,GMM,5000,40,2,2:40,logistic,0.3,1,500,0,430,3,6,21,26,3,3,3,3,3,21,3,3,3,3
471,471,edisonn471.xlsx,GMM,5000,40,2,2:40,logistic,0.3,5,500,0,431,3,3,21,4,3,3,3,3,10,2,3,3,10,10
472,472,edisonn472.xlsx,GMM,5000,40,3,2:40,logistic,0.1,1,500,0,432,11,4,19,6,4,4,4,3,5,22,4,4,5,11
473,473,edisonn473.xlsx,GMM,5000,40,3,2:40,logistic,0.1,5,500,0,433,21,3,22,8,3,22,5,3,22,2,3,21,3,4
474,474,edisonn474.xlsx,GMM,5000,40,3,2:40,logistic,0.3,1,500,0,434,4,6,21,40,4,3,3,4,4,18,4,4,4,4
475,475,edisonn475.xlsx,GMM,5000,40,3,2:40,logistic,0.3,5,500,0,435,4,4,21,6,4,4,4,3,8,15,4,4,3,12
476,476,edisonn476.xlsx,GMM,5000,40,4,2:40,logistic,0.1,1,500,0,436,19,6,23,10,5,5,5,4,9,23,5,5,4,12
477,477,edisonn477.xlsx,GMM,5000,40,4,2:40,logistic,0.1,5,500,0,437,6,4,22,10,4,4,6,2,23,3,2,22,2,5
478,478,edisonn478.xlsx,GMM,5000,40,4,2:40,logistic,0.3,1,500,0,438,14,10,23,44,3,3,3,3,8,2,3,3,8,5
479,479,edisonn479.xlsx,GMM,5000,40,4,2:40,logistic,0.3,5,500,0,439,5,5,21,8,5,5,5,2,16,22,5,5,2,6
480,480,edisonn480.xlsx,GMM,5000,40,5,2:40,logistic,0.1,1,500,0,440,8,5,24,8,4,9,5,2,9,23,2,9,2,14
481,481,edisonn481.xlsx,GMM,5000,40,5,2:40,logistic,0.1,5,500,0,441,6,6,24,10,6,6,6,2,24,3,6,6,2,6
482,482,edisonn482.xlsx,GMM,5000,40,5,2:40,logistic,0.3,1,500,0,442,2,6,24,46,2,2,4,2,6,24,2,2,2,8
483,483,edisonn483.xlsx,GMM,5000,40,5,2:40,logistic,0.3,5,500,0,443,6,6,23,10,6,6,6,2,14,24,6,6,2,14
484,484,edisonn484.xlsx,GMM,5000,40,6,2:40,logistic,0.1,1,500,0,444,7,7,22,12,7,7,7,3,12,25,7,7,12,15
485,485,edisonn485.xlsx,GMM,5000,40,6,2:40,logistic,0.1,5,500,0,445,7,7,25,12,7,7,7,3,24,2,7,7,23,7
486,486,edisonn486.xlsx,GMM,5000,40,6,2:40,logistic,0.3,1,500,0,446,10,8,23,48,7,7,5,5,7,24,7,7,7,7
487,487,edisonn487.xlsx,GMM,5000,40,6,2:40,logistic,0.3,5,500,0,447,8,6,24,14,6,6,8,3,24,2,6,6,24,7
488,488,edisonn488.xlsx,GMM,5000,40,7,2:40,logistic,0.1,1,500,0,448,15,6,26,16,6,13,9,3,13,2,6,13,13,16
489,489,edisonn489.xlsx,GMM,5000,40,7,2:40,logistic,0.1,5,500,0,449,8,8,26,14,8,8,8,3,26,2,8,8,26,8
490,490,edisonn490.xlsx,GMM,5000,40,7,2:40,logistic,0.3,1,500,0,450,2,9,26,46,2,2,2,2,12,3,2,2,2,9
491,491,edisonn491.xlsx,GMM,5000,40,7,2:40,logistic,0.3,5,500,0,451,9,7,23,12,7,23,9,3,25,2,7,7,23,8
492,492,edisonn492.xlsx,GMM,5000,40,8,2:40,logistic,0.1,1,500,0,452,12,6,26,16,2,15,11,2,15,27,2,14,2,16
493,493,edisonn493.xlsx,GMM,5000,40,8,2:40,logistic,0.1,5,500,0,453,11,8,27,14,8,8,11,2,27,4,2,8,2,9
494,494,edisonn494.xlsx,GMM,5000,40,8,2:40,logistic,0.3,1,500,0,454,13,22,27,34,8,11,3,10,11,2,8,10,11,2
495,495,edisonn495.xlsx,GMM,5000,40,8,2:40,logistic,0.3,5,500,0,455,9,9,27,16,9,9,9,2,25,4,9,9,2,9
496,496,edisonn496.xlsx,GMM,5000,40,9,2:40,logistic,0.1,1,500,0,456,24,9,28,16,9,22,9,2,22,24,2,9,2,5
497,497,edisonn497.xlsx,GMM,5000,40,9,2:40,logistic,0.1,5,500,0,457,10,10,27,18,10,10,10,2,27,4,10,10,2,14
498,498,edisonn498.xlsx,GMM,5000,40,9,2:40,logistic,0.3,1,500,0,458,12,12,28,30,2,2,2,2,24,27,2,2,2,2
499,499,edisonn499.xlsx,GMM,5000,40,9,2:40,logistic,0.3,5,500,0,459,11,8,28,20,8,28,11,2,28,4,2,28,2,10
500,500,edisonn500.xlsx,GMM,5000,40,10,2:40,logistic,0.1,1,500,0,460,11,11,29,20,11,11,11,2,29,4,11,11,2,11
501,501,edisonn501.xlsx,GMM,5000,40,10,2:40,logistic,0.1,5,500,0,461,14,10,29,18,10,10,10,2,28,9,2,10,2,11
502,502,edisonn502.xlsx,GMM,5000,40,10,2:40,logistic,0.3,1,500,0,462,21,19,21,30,2,2,2,2,12,27,2,2,2,16
503,503,edisonn503.xlsx,GMM,5000,40,10,2:40,logistic,0.3,5,500,0,463,11,11,28,20,11,11,11,2,29,5,11,11,2,11
504,504,edisonn504.xlsx,GMM,5000,40,11,2:40,logistic,0.1,1,500,0,464,13,10,30,24,10,25,13,2,30,5,2,10,2,12
505,505,edisonn505.xlsx,GMM,5000,40,11,2:40,logistic,0.1,5,500,0,465,13,11,30,20,11,30,13,2,30,4,2,11,2,13
506,506,edisonn506.xlsx,GMM,5000,40,11,2:40,logistic,0.3,1,500,0,466,24,18,30,26,2,2,2,2,26,30,2,2,2,17
507,507,edisonn507.xlsx,GMM,5000,40,11,2:40,logistic,0.3,5,500,0,467,15,9,30,22,2,2,15,2,30,5,2,26,2,12
508,508,edisonn508.xlsx,GMM,5000,40,12,2:40,logistic,0.1,1,500,0,468,17,15,30,22,12,12,12,2,26,5,12,12,2,21
509,509,edisonn509.xlsx,GMM,5000,40,12,2:40,logistic,0.1,5,500,0,469,14,14,31,22,12,31,14,2,31,6,2,12,2,14
510,510,edisonn510.xlsx,GMM,5000,40,12,2:40,logistic,0.3,1,500,0,470,19,13,30,24,13,2,2,2,30,26,2,13,2,18
511,511,edisonn511.xlsx,GMM,5000,40,12,2:40,logistic,0.3,5,500,0,471,15,10,31,18,2,31,15,2,30,5,2,28,2,11
512,512,edisonn512.xlsx,GMM,5000,40,13,2:40,logistic,0.1,1,500,0,472,15,13,32,24,13,32,15,3,32,2,13,13,32,22
513,513,edisonn513.xlsx,GMM,5000,40,13,2:40,logistic,0.1,5,500,0,473,19,14,32,24,12,32,17,2,32,6,2,13,2,14
514,514,edisonn514.xlsx,GMM,5000,40,13,2:40,logistic,0.3,1,500,0,474,21,17,32,30,2,2,2,2,27,32,2,2,2,21
515,515,edisonn515.xlsx,GMM,5000,40,13,2:40,logistic,0.3,5,500,0,475,14,14,31,26,14,14,14,2,32,4,14,14,2,14
516,516,edisonn516.xlsx,GMM,5000,40,14,2:40,logistic,0.1,1,500,0,476,16,14,31,26,14,14,16,2,33,5,14,14,2,15
517,517,edisonn517.xlsx,GMM,5000,40,14,2:40,logistic,0.1,5,500,0,477,18,11,31,26,14,21,17,2,31,5,2,14,2,16
518,518,edisonn518.xlsx,GMM,5000,40,14,2:40,logistic,0.3,1,500,0,478,27,17,31,26,2,2,2,2,31,33,2,14,2,22
519,519,edisonn519.xlsx,GMM,5000,40,14,2:40,logistic,0.3,5,500,0,479,16,14,33,26,14,27,16,2,31,5,2,14,2,15
520,520,edisonn520.xlsx,GMM,5000,40,15,2:40,logistic,0.1,1,500,0,480,25,16,34,24,13,34,20,2,33,7,2,32,2,17
521,521,edisonn521.xlsx,GMM,5000,40,15,2:40,logistic,0.1,5,500,0,481,19,13,33,22,12,33,19,2,33,6,2,33,2,13
522,522,edisonn522.xlsx,GMM,5000,40,15,2:40,logistic,0.3,1,500,0,482,34,17,34,50,12,14,3,3,34,2,12,12,14,23
523,523,edisonn523.xlsx,GMM,5000,40,15,2:40,logistic,0.3,5,500,0,483,19,12,33,22,12,33,19,2,33,4,2,21,2,20
524,524,edisonn524.xlsx,GMM,5000,40,16,2:40,logistic,0.1,1,500,0,484,17,18,35,28,14,35,20,2,35,5,2,15,2,17
525,525,edisonn525.xlsx,GMM,5000,40,16,2:40,logistic,0.1,5,500,0,485,18,19,35,34,2,19,18,2,35,7,2,32,2,17
526,526,edisonn526.xlsx,GMM,5000,40,16,2:40,logistic,0.3,1,500,0,486,24,19,35,30,2,2,2,2,24,35,2,2,2,25
527,527,edisonn527.xlsx,GMM,5000,40,16,2:40,logistic,0.3,5,500,0,487,23,13,35,34,2,35,20,2,35,8,2,32,2,2
528,528,edisonn528.xlsx,GMM,5000,40,17,2:40,logistic,0.1,1,500,0,488,22,19,36,40,2,33,21,2,36,8,2,36,2,2
529,529,edisonn529.xlsx,GMM,5000,40,17,2:40,logistic,0.1,5,500,0,489,19,23,36,32,17,17,19,2,36,4,2,17,2,18
530,530,edisonn530.xlsx,GMM,5000,40,17,2:40,logistic,0.3,1,500,0,490,35,13,36,36,2,2,2,2,36,32,2,2,2,26
531,531,edisonn531.xlsx,GMM,5000,40,17,2:40,logistic,0.3,5,500,0,491,22,20,36,32,2,22,2,2,36,4,2,32,2,18
532,532,edisonn532.xlsx,GMM,5000,40,18,2:40,logistic,0.1,1,500,0,492,27,21,37,26,14,37,2,2,37,8,2,37,2,2
533,533,edisonn533.xlsx,GMM,5000,40,18,2:40,logistic,0.1,5,500,0,493,20,16,37,38,16,2,20,2,37,10,2,36,2,22
534,534,edisonn534.xlsx,GMM,5000,40,18,2:40,logistic,0.3,1,500,0,494,30,12,31,40,2,2,2,2,31,36,2,28,2,27
535,535,edisonn535.xlsx,GMM,5000,40,18,2:40,logistic,0.3,5,500,0,495,21,18,36,40,2,2,2,2,37,9,2,36,2,24
536,536,edisonn536.xlsx,GMM,5000,40,19,2:40,logistic,0.1,1,500,0,496,20,22,38,40,2,22,21,2,38,8,2,35,2,20
537,537,edisonn537.xlsx,GMM,5000,40,19,2:40,logistic,0.1,5,500,0,497,22,18,38,34,18,18,2,2,38,9,2,18,2,20
538,538,edisonn538.xlsx,GMM,5000,40,19,2:40,logistic,0.3,1,500,0,498,36,17,37,46,2,24,2,2,29,38,2,24,2,28
539,539,edisonn539.xlsx,GMM,5000,40,19,2:40,logistic,0.3,5,500,0,499,33,19,38,36,16,2,2,2,38,9,2,32,2,22
540,540,edisonn540.xlsx,GMM,5000,40,20,2:40,logistic,0.1,1,500,0,500,22,18,39,42,18,24,22,2,39,8,2,22,2,2
541,541,edisonn541.xlsx,GMM,5000,40,20,2:40,logistic,0.1,5,500,0,501,22,24,39,42,2,2,2,2,39,6,2,37,2,22
542,542,edisonn542.xlsx,GMM,5000,40,20,2:40,logistic,0.3,1,500,0,502,22,22,33,42,2,2,2,2,33,39,2,25,2,29
543,543,edisonn543.xlsx,GMM,5000,40,20,2:40,logistic,0.3,5,500,0,503,21,17,39,40,2,2,2,2,39,11,2,34,2,2
544,544,edisonn544.xlsx,GMM,5000,40,21,2:40,logistic,0.1,1,500,0,504,26,20,38,48,2,38,2,2,39,11,2,38,2,2
545,545,edisonn545.xlsx,GMM,5000,40,21,2:40,logistic,0.1,5,500,0,505,25,21,38,40,2,40,2,2,40,7,2,38,2,27
546,546,edisonn546.xlsx,GMM,5000,40,21,2:40,logistic,0.3,1,500,0,506,23,6,38,50,2,2,2,2,37,40,2,25,2,29
547,547,edisonn547.xlsx,GMM,5000,40,21,2:40,logistic,0.3,5,500,0,507,24,28,40,46,2,2,2,2,39,9,2,40,2,23
548,548,edisonn548.xlsx,GMM,5000,40,22,2:40,logistic,0.1,1,500,0,508,25,26,41,42,2,41,2,2,40,8,2,41,2,2
549,549,edisonn549.xlsx,GMM,5000,40,22,2:40,logistic,0.1,5,500,0,509,26,22,41,42,2,41,2,2,41,9,2,36,2,31
550,550,edisonn550.xlsx,GMM,5000,40,22,2:40,logistic,0.3,1,500,0,510,32,27,41,40,2,2,2,2,38,41,2,26,2,31
551,551,edisonn551.xlsx,GMM,5000,40,22,2:40,logistic,0.3,5,500,0,511,24,24,40,40,2,33,2,2,41,10,2,31,2,2
552,552,edisonn552.xlsx,GMM,5000,40,23,2:40,logistic,0.1,1,500,0,512,30,25,42,40,21,42,2,2,41,6,2,21,2,2
553,553,edisonn553.xlsx,GMM,5000,40,23,2:40,logistic,0.1,5,500,0,513,25,31,42,40,21,42,2,2,42,9,2,21,2,29
554,554,edisonn554.xlsx,GMM,5000,40,23,2:40,logistic,0.3,1,500,0,514,39,35,41,36,2,2,2,2,39,42,2,28,2,32
555,555,edisonn555.xlsx,GMM,5000,40,23,2:40,logistic,0.3,5,500,0,515,25,26,42,48,2,42,2,2,42,12,2,37,2,24
556,556,edisonn556.xlsx,GMM,5000,40,24,2:40,logistic,0.1,1,500,0,516,27,19,42,48,18,33,2,2,42,9,2,40,2,2
557,557,edisonn557.xlsx,GMM,5000,40,24,2:40,logistic,0.1,5,500,0,517,28,30,43,54,19,2,2,2,42,14,2,37,2,27
558,558,edisonn558.xlsx,GMM,5000,40,24,2:40,logistic,0.3,1,500,0,518,30,24,36,46,2,2,2,2,36,42,2,30,2,33
559,559,edisonn559.xlsx,GMM,5000,40,24,2:40,logistic,0.3,5,500,0,519,34,22,43,42,22,38,2,2,43,10,2,22,2,2
560,560,edisonn560.xlsx,GMM,5000,40,25,2:40,logistic,0.1,1,500,0,520,28,24,44,54,2,44,2,2,44,10,2,37,2,2
561,561,edisonn561.xlsx,GMM,5000,40,25,2:40,logistic,0.1,5,500,0,521,31,17,44,50,2,2,2,2,44,11,2,35,2,29
562,562,edisonn562.xlsx,GMM,5000,40,25,2:40,logistic,0.3,1,500,0,522,32,29,44,42,2,2,2,2,41,11,2,38,2,34
563,563,edisonn563.xlsx,GMM,5000,40,25,2:40,logistic,0.3,5,500,0,523,39,31,42,44,2,42,2,2,44,12,2,42,2,2
564,564,edisonn564.xlsx,GMM,5000,40,26,2:40,logistic,0.1,1,500,0,524,33,29,45,56,2,29,2,2,45,7,2,44,2,2
565,565,edisonn565.xlsx,GMM,5000,40,26,2:40,logistic,0.1,5,500,0,525,33,23,44,52,2,44,2,2,44,14,2,44,2,33
566,566,edisonn566.xlsx,GMM,5000,40,26,2:40,logistic,0.3,1,500,0,526,34,31,42,54,2,2,2,2,42,44,2,28,2,2
567,567,edisonn567.xlsx,GMM,5000,40,26,2:40,logistic,0.3,5,500,0,527,41,28,44,54,2,44,2,2,44,11,2,42,2,2
568,568,edisonn568.xlsx,GMM,5000,40,27,2:40,logistic,0.1,1,500,0,528,29,30,45,56,25,45,2,2,46,12,2,25,2,2
569,569,edisonn569.xlsx,GMM,5000,40,27,2:40,logistic,0.1,5,500,0,529,28,32,46,56,2,46,2,2,46,10,2,46,2,36
570,570,edisonn570.xlsx,GMM,5000,40,27,2:40,logistic,0.3,1,500,0,530,32,33,46,48,2,2,2,2,46,11,2,33,2,36
571,571,edisonn571.xlsx,GMM,5000,40,27,2:40,logistic,0.3,5,500,0,531,36,18,46,48,2,46,2,2,46,15,2,46,2,2
572,572,edisonn572.xlsx,GMM,5000,40,28,2:40,logistic,0.1,1,500,0,532,37,27,47,50,26,39,2,2,47,9,2,26,2,2
573,573,edisonn573.xlsx,GMM,5000,40,28,2:40,logistic,0.1,5,500,0,533,33,36,47,46,2,47,2,2,47,13,2,47,2,36
574,574,edisonn574.xlsx,GMM,5000,40,28,2:40,logistic,0.3,1,500,0,534,35,16,47,58,2,38,2,2,46,13,2,37,2,37
575,575,edisonn575.xlsx,GMM,5000,40,28,2:40,logistic,0.3,5,500,0,535,38,27,46,52,23,46,2,2,46,11,2,45,2,29
576,576,edisonn576.xlsx,GMM,5000,40,29,2:40,logistic,0.1,1,500,0,536,39,31,48,52,2,48,2,2,48,12,2,43,2,2
577,577,edisonn577.xlsx,GMM,5000,40,29,2:40,logistic,0.1,5,500,0,537,36,32,48,62,21,48,2,2,47,13,2,44,2,34
578,578,edisonn578.xlsx,GMM,5000,40,29,2:40,logistic,0.3,1,500,0,538,37,30,48,52,2,2,2,2,48,12,2,42,2,2
579,579,edisonn579.xlsx,GMM,5000,40,29,2:40,logistic,0.3,5,500,0,539,38,20,47,60,2,47,2,2,48,16,2,47,2,2
580,580,edisonn580.xlsx,GMM,5000,40,30,2:40,logistic,0.1,1,500,0,540,43,31,49,60,25,49,38,3,49,2,25,49,49,2
581,581,edisonn581.xlsx,GMM,5000,40,30,2:40,logistic,0.1,5,500,0,541,33,9,49,64,2,46,2,2,49,13,2,46,2,37
582,582,edisonn582.xlsx,GMM,5000,40,30,2:40,logistic,0.3,1,500,0,542,33,33,49,64,33,33,3,4,46,2,18,33,34,2
583,583,edisonn583.xlsx,GMM,5000,40,30,2:40,logistic,0.3,5,500,0,543,42,32,49,58,2,46,2,2,49,14,2,46,2,37
584,584,edisonn584.xlsx,GMM,5000,40,31,2:40,logistic,0.1,1,500,0,544,41,35,50,68,2,50,2,2,50,9,2,50,2,2
585,585,edisonn585.xlsx,GMM,5000,40,31,2:40,logistic,0.1,5,500,0,545,37,32,50,62,2,50,2,2,48,10,2,49,2,36
586,586,edisonn586.xlsx,GMM,5000,40,31,2:40,logistic,0.3,1,500,0,546,48,37,49,70,2,36,2,2,49,11,2,36,2,2
587,587,edisonn587.xlsx,GMM,5000,40,31,2:40,logistic,0.3,5,500,0,547,39,28,50,66,2,50,2,2,50,17,2,46,2,2
588,588,edisonn588.xlsx,GMM,5000,40,32,2:40,logistic,0.1,1,500,0,548,36,36,51,58,2,46,2,2,51,12,2,51,2,2
589,589,edisonn589.xlsx,GMM,5000,40,32,2:40,logistic,0.1,5,500,0,549,37,38,51,68,2,49,2,2,51,13,2,48,2,2
590,590,edisonn590.xlsx,GMM,5000,40,32,2:40,logistic,0.3,1,500,0,550,36,37,48,70,2,48,2,2,51,12,2,29,2,41
591,591,edisonn591.xlsx,GMM,5000,40,32,2:40,logistic,0.3,5,500,0,551,38,13,49,66,2,49,2,2,51,12,2,49,2,2
592,592,edisonn592.xlsx,GMM,5000,40,33,2:40,logistic,0.1,1,500,0,552,40,32,52,62,2,52,2,2,52,11,2,44,2,2
593,593,edisonn593.xlsx,GMM,5000,40,33,2:40,logistic,0.1,5,500,0,553,40,16,52,58,2,51,2,2,52,11,2,51,2,41
594,594,edisonn594.xlsx,GMM,5000,40,33,2:40,logistic,0.3,1,500,0,554,36,43,51,70,2,2,2,2,51,15,2,43,2,42
595,595,edisonn595.xlsx,GMM,5000,40,33,2:40,logistic,0.3,5,500,0,555,35,37,51,64,28,51,2,2,52,11,2,51,2,37
596,596,edisonn596.xlsx,GMM,5000,40,34,2:40,logistic,0.1,1,500,0,556,41,16,51,72,2,51,2,2,51,16,2,50,2,35
597,597,edisonn597.xlsx,GMM,5000,40,34,2:40,logistic,0.1,5,500,0,557,36,32,52,54,28,47,2,2,53,15,2,51,2,41
598,598,edisonn598.xlsx,GMM,5000,40,34,2:40,logistic,0.3,1,500,0,558,41,10,52,78,2,2,2,2,52,15,2,45,2,43
599,599,edisonn599.xlsx,GMM,5000,40,34,2:40,logistic,0.3,5,500,0,559,39,33,53,54,28,53,2,2,53,11,2,50,2,2
600,600,edisonn600.xlsx,GMM,5000,40,35,2:40,logistic,0.1,1,500,0,560,42,5,54,74,2,54,2,2,54,11,2,54,2,2
601,601,edisonn601.xlsx,GMM,5000,40,35,2:40,logistic,0.1,5,500,0,561,42,7,54,66,2,54,2,2,53,11,2,54,2,2
602,602,edisonn602.xlsx,GMM,5000,40,35,2:40,logistic,0.3,1,500,0,562,41,36,54,58,2,54,2,2,51,17,2,52,2,2
603,603,edisonn603.xlsx,GMM,5000,40,35,2:40,logistic,0.3,5,500,0,563,42,25,54,68,2,48,2,2,54,15,2,54,2,42
604,604,edisonn604.xlsx,GMM,5000,40,36,2:40,logistic,0.1,1,500,0,564,45,6,55,52,2,55,2,2,55,17,2,55,2,2
605,605,edisonn605.xlsx,GMM,5000,40,36,2:40,logistic,0.1,5,500,0,565,43,28,55,66,2,53,2,2,55,16,2,49,2,2
606,606,edisonn606.xlsx,GMM,5000,40,36,2:40,logistic,0.3,1,500,0,566,49,36,55,64,2,2,2,2,55,20,2,55,2,2
607,607,edisonn607.xlsx,GMM,5000,40,36,2:40,logistic,0.3,5,500,0,567,41,28,54,70,2,2,2,2,54,20,2,54,2,2
608,608,edisonn608.xlsx,GMM,5000,40,37,2:40,logistic,0.1,1,500,0,568,44,44,56,86,2,56,2,2,56,14,2,56,2,2
609,609,edisonn609.xlsx,GMM,5000,40,37,2:40,logistic,0.1,5,500,0,569,41,10,56,68,2,56,2,2,56,8,2,56,2,43
610,610,edisonn610.xlsx,GMM,5000,40,37,2:40,logistic,0.3,1,500,0,570,41,39,56,74,2,2,2,2,56,13,2,48,2,3
611,611,edisonn611.xlsx,GMM,5000,40,37,2:40,logistic,0.3,5,500,0,571,42,19,56,82,2,56,2,2,56,15,2,56,2,2
612,612,edisonn612.xlsx,GMM,5000,40,38,2:40,logistic,0.1,1,500,0,572,49,41,57,80,2,57,2,2,57,14,2,54,2,2
613,613,edisonn613.xlsx,GMM,5000,40,38,2:40,logistic,0.1,5,500,0,573,46,39,57,58,29,57,2,2,57,14,2,57,2,47
614,614,edisonn614.xlsx,GMM,5000,40,38,2:40,logistic,0.3,1,500,0,574,56,6,57,78,2,51,2,2,57,21,2,49,2,2
615,615,edisonn615.xlsx,GMM,5000,40,38,2:40,logistic,0.3,5,500,0,575,48,34,57,84,2,57,2,2,57,17,2,50,2,2
616,616,edisonn616.xlsx,GMM,5000,40,39,2:40,logistic,0.1,1,500,0,576,49,46,58,86,2,58,2,2,58,15,2,58,2,43
617,617,edisonn617.xlsx,GMM,5000,40,39,2:40,logistic,0.1,5,500,0,577,44,14,58,86,2,2,2,2,58,25,2,58,2,48
618,618,edisonn618.xlsx,GMM,5000,40,39,2:40,logistic,0.3,1,500,0,578,47,43,58,84,2,2,2,2,58,18,2,52,2,2
619,619,edisonn619.xlsx,GMM,5000,40,39,2:40,logistic,0.3,5,500,0,579,41,45,58,82,2,2,2,2,58,15,2,45,2,2
620,620,edisonn620.xlsx,GMM,5000,40,40,2:40,logistic,0.1,1,500,0,580,52,10,59,76,2,59,2,2,59,17,2,53,2,2
621,621,edisonn621.xlsx,GMM,5000,40,40,2:40,logistic,0.1,5,500,0,581,44,45,59,88,2,59,2,2,59,17,2,59,2,2
622,622,edisonn622.xlsx,GMM,5000,40,40,2:40,logistic,0.3,1,500,0,582,51,7,58,78,2,2,2,2,57,16,2,58,2,2
623,623,edisonn623.xlsx,GMM,5000,40,40,2:40,logistic,0.3,5,500,0,583,53,44,58,86,2,58,2,2,59,17,2,58,2,43
624,624,edisonn624.xlsx,GMM,5000,100,2,2:40,logistic,0.1,1,500,0,584,10,3,21,4,3,8,3,5,8,20,3,3,8,11
625,625,edisonn625.xlsx,GMM,5000,100,2,2:40,logistic,0.1,5,500,0,585,3,3,21,4,3,3,3,2,21,3,3,3,2,3
626,626,edisonn626.xlsx,GMM,5000,100,2,2:40,logistic,0.3,1,500,0,586,4,4,19,6,4,4,3,3,4,21,3,3,4,3
627,627,edisonn627.xlsx,GMM,5000,100,2,2:40,logistic,0.3,5,500,0,587,3,3,21,4,3,2,3,2,12,16,2,3,2,3
628,628,edisonn628.xlsx,GMM,5000,100,3,2:40,logistic,0.1,1,500,0,588,4,4,22,6,4,4,4,3,5,20,4,4,5,11
629,629,edisonn629.xlsx,GMM,5000,100,3,2:40,logistic,0.1,5,500,0,589,4,4,22,6,4,4,4,2,22,3,4,4,2,6
630,630,edisonn630.xlsx,GMM,5000,100,3,2:40,logistic,0.3,1,500,0,590,4,14,22,26,4,4,4,4,4,22,4,4,4,6
631,631,edisonn631.xlsx,GMM,5000,100,3,2:40,logistic,0.3,5,500,0,591,4,4,21,6,4,4,4,2,13,22,4,4,2,4
632,632,edisonn632.xlsx,GMM,5000,100,4,2:40,logistic,0.1,1,500,0,592,5,5,19,8,5,5,5,4,7,23,5,5,7,13
633,633,edisonn633.xlsx,GMM,5000,100,4,2:40,logistic,0.1,5,500,0,593,5,5,22,8,5,5,5,3,23,2,5,5,23,5
634,634,edisonn634.xlsx,GMM,5000,100,4,2:40,logistic,0.3,1,500,0,594,5,14,23,24,5,4,4,5,5,23,4,5,5,6
635,635,edisonn635.xlsx,GMM,5000,100,4,2:40,logistic,0.3,5,500,0,595,5,5,23,8,5,5,5,3,8,2,5,5,8,5
636,636,edisonn636.xlsx,GMM,5000,100,5,2:40,logistic,0.1,1,500,0,596,6,6,24,10,6,6,6,2,10,22,6,6,2,14
637,637,edisonn637.xlsx,GMM,5000,100,5,2:40,logistic,0.1,5,500,0,597,7,5,24,12,4,24,7,3,24,2,5,24,24,7
638,638,edisonn638.xlsx,GMM,5000,100,5,2:40,logistic,0.3,1,500,0,598,2,12,22,14,2,2,4,2,6,24,2,2,2,6
639,639,edisonn639.xlsx,GMM,5000,100,5,2:40,logistic,0.3,5,500,0,599,8,5,24,12,5,24,7,3,24,2,5,24,24,6
640,640,edisonn640.xlsx,GMM,5000,100,6,2:40,logistic,0.1,1,500,0,600,8,5,22,14,3,12,8,3,12,2,5,12,12,15
641,641,edisonn641.xlsx,GMM,5000,100,6,2:40,logistic,0.1,5,500,0,601,7,7,23,12,7,7,7,2,24,3,7,7,2,8
642,642,edisonn642.xlsx,GMM,5000,100,6,2:40,logistic,0.3,1,500,0,602,6,7,25,20,6,6,3,6,6,2,6,6,6,14
643,643,edisonn643.xlsx,GMM,5000,100,6,2:40,logistic,0.3,5,500,0,603,7,7,25,12,7,7,7,3,21,2,7,7,18,7
644,644,edisonn644.xlsx,GMM,5000,100,7,2:40,logistic,0.1,1,500,0,604,9,7,26,16,7,13,9,3,13,2,7,13,13,16
645,645,edisonn645.xlsx,GMM,5000,100,7,2:40,logistic,0.1,5,500,0,605,9,6,26,16,6,10,9,3,26,2,6,26,26,7
646,646,edisonn646.xlsx,GMM,5000,100,7,2:40,logistic,0.3,1,500,0,606,7,10,26,34,7,9,3,3,10,2,7,7,9,8
647,647,edisonn647.xlsx,GMM,5000,100,7,2:40,logistic,0.3,5,500,0,607,8,8,26,14,8,8,8,3,26,2,8,8,18,16
648,648,edisonn648.xlsx,GMM,5000,100,8,2:40,logistic,0.1,1,500,0,608,9,11,27,16,9,9,9,2,20,26,9,9,2,17
649,649,edisonn649.xlsx,GMM,5000,100,8,2:40,logistic,0.1,5,500,0,609,9,9,26,16,9,9,9,2,27,4,9,9,2,9
650,650,edisonn650.xlsx,GMM,5000,100,8,2:40,logistic,0.3,1,500,0,610,2,2,26,48,2,2,2,2,12,27,2,2,2,10
651,651,edisonn651.xlsx,GMM,5000,100,8,2:40,logistic,0.3,5,500,0,611,9,9,26,16,9,9,9,2,26,4,9,9,2,9
652,652,edisonn652.xlsx,GMM,5000,100,9,2:40,logistic,0.1,1,500,0,612,11,8,28,20,2,25,11,2,26,5,2,19,2,18
653,653,edisonn653.xlsx,GMM,5000,100,9,2:40,logistic,0.1,5,500,0,613,10,10,28,18,10,10,10,2,28,4,10,10,2,12
654,654,edisonn654.xlsx,GMM,5000,100,9,2:40,logistic,0.3,1,500,0,614,2,9,25,16,2,2,2,2,14,23,2,2,2,15
655,655,edisonn655.xlsx,GMM,5000,100,9,2:40,logistic,0.3,5,500,0,615,10,10,27,18,10,10,10,4,28,2,10,10,28,13
656,656,edisonn656.xlsx,GMM,5000,100,10,2:40,logistic,0.1,1,500,0,616,11,11,29,20,11,11,11,2,25,26,11,11,2,12
657,657,edisonn657.xlsx,GMM,5000,100,10,2:40,logistic,0.1,5,500,0,617,12,13,28,18,10,12,12,2,28,4,2,10,2,11
658,658,edisonn658.xlsx,GMM,5000,100,10,2:40,logistic,0.3,1,500,0,618,12,16,29,22,2,2,2,2,24,29,2,2,2,19
659,659,edisonn659.xlsx,GMM,5000,100,10,2:40,logistic,0.3,5,500,0,619,12,8,29,22,2,29,12,2,28,5,2,29,2,11
660,660,edisonn660.xlsx,GMM,5000,100,11,2:40,logistic,0.1,1,500,0,620,13,11,30,20,11,24,13,2,24,5,11,11,2,12
661,661,edisonn661.xlsx,GMM,5000,100,11,2:40,logistic,0.1,5,500,0,621,12,12,30,22,12,12,12,2,30,5,12,12,2,12
662,662,edisonn662.xlsx,GMM,5000,100,11,2:40,logistic,0.3,1,500,0,622,15,24,21,32,2,2,2,2,27,30,2,2,2,16
663,663,edisonn663.xlsx,GMM,5000,100,11,2:40,logistic,0.3,5,500,0,623,14,10,30,18,10,30,13,2,30,5,2,30,2,12
664,664,edisonn664.xlsx,GMM,5000,100,12,2:40,logistic,0.1,1,500,0,624,15,11,31,26,11,31,14,2,31,6,2,31,2,14
665,665,edisonn665.xlsx,GMM,5000,100,12,2:40,logistic,0.1,5,500,0,625,13,11,31,26,11,31,14,2,31,6,2,31,2,14
666,666,edisonn666.xlsx,GMM,5000,100,12,2:40,logistic,0.3,1,500,0,626,19,11,27,44,2,2,2,2,21,31,2,2,2,21
667,667,edisonn667.xlsx,GMM,5000,100,12,2:40,logistic,0.3,5,500,0,627,13,13,30,24,13,13,13,2,30,6,13,13,2,14
668,668,edisonn668.xlsx,GMM,5000,100,13,2:40,logistic,0.1,1,500,0,628,17,14,32,24,13,26,16,2,32,5,13,13,2,15
669,669,edisonn669.xlsx,GMM,5000,100,13,2:40,logistic,0.1,5,500,0,629,15,13,32,28,13,15,15,2,31,5,2,13,2,14
670,670,edisonn670.xlsx,GMM,5000,100,13,2:40,logistic,0.3,1,500,0,630,18,10,32,54,2,2,2,2,21,28,2,2,2,22
671,671,edisonn671.xlsx,GMM,5000,100,13,2:40,logistic,0.3,5,500,0,631,15,9,32,24,13,18,15,2,32,5,2,13,2,20
672,672,edisonn672.xlsx,GMM,5000,100,14,2:40,logistic,0.1,1,500,0,632,14,15,33,26,14,14,14,2,32,5,14,14,2,17
673,673,edisonn673.xlsx,GMM,5000,100,14,2:40,logistic,0.1,5,500,0,633,18,14,33,26,14,31,18,2,31,5,2,14,2,15
674,674,edisonn674.xlsx,GMM,5000,100,14,2:40,logistic,0.3,1,500,0,634,16,21,28,26,2,2,2,2,23,33,2,2,2,23
675,675,edisonn675.xlsx,GMM,5000,100,14,2:40,logistic,0.3,5,500,0,635,14,15,33,26,14,33,18,2,32,5,2,14,2,15
676,676,edisonn676.xlsx,GMM,5000,100,15,2:40,logistic,0.1,1,500,0,636,19,12,34,36,2,34,19,2,34,5,2,34,2,16
677,677,edisonn677.xlsx,GMM,5000,100,15,2:40,logistic,0.1,5,500,0,637,17,15,34,28,15,25,17,2,34,7,2,15,2,17
678,678,edisonn678.xlsx,GMM,5000,100,15,2:40,logistic,0.3,1,500,0,638,14,19,32,32,2,2,2,2,21,34,2,14,2,24
679,679,edisonn679.xlsx,GMM,5000,100,15,2:40,logistic,0.3,5,500,0,639,18,11,33,32,14,20,17,2,33,9,2,14,2,16
680,680,edisonn680.xlsx,GMM,5000,100,16,2:40,logistic,0.1,1,500,0,640,23,12,35,30,12,35,2,2,35,5,2,35,2,25
681,681,edisonn681.xlsx,GMM,5000,100,16,2:40,logistic,0.1,5,500,0,641,17,22,35,28,15,35,19,2,34,6,2,15,2,25
682,682,edisonn682.xlsx,GMM,5000,100,16,2:40,logistic,0.3,1,500,0,642,20,4,32,38,2,2,2,2,30,33,2,2,2,25
683,683,edisonn683.xlsx,GMM,5000,100,16,2:40,logistic,0.3,5,500,0,643,17,18,35,28,2,35,2,2,35,8,2,15,2,18
684,684,edisonn684.xlsx,GMM,5000,100,17,2:40,logistic,0.1,1,500,0,644,18,19,36,34,18,18,18,2,36,8,18,18,2,19
685,685,edisonn685.xlsx,GMM,5000,100,17,2:40,logistic,0.1,5,500,0,645,19,19,36,32,2,31,21,2,36,6,2,36,2,23
686,686,edisonn686.xlsx,GMM,5000,100,17,2:40,logistic,0.3,1,500,0,646,16,20,33,30,2,2,2,2,33,36,2,16,2,25
687,687,edisonn687.xlsx,GMM,5000,100,17,2:40,logistic,0.3,5,500,0,647,22,16,36,30,16,36,22,3,35,2,16,16,35,25
688,688,edisonn688.xlsx,GMM,5000,100,18,2:40,logistic,0.1,1,500,0,648,20,14,37,38,14,37,20,35,37,2,14,37,37,27
689,689,edisonn689.xlsx,GMM,5000,100,18,2:40,logistic,0.1,5,500,0,649,19,19,37,36,19,19,19,2,36,6,19,19,2,24
690,690,edisonn690.xlsx,GMM,5000,100,18,2:40,logistic,0.3,1,500,0,650,36,23,37,42,2,2,2,2,28,35,2,26,2,27
691,691,edisonn691.xlsx,GMM,5000,100,18,2:40,logistic,0.3,5,500,0,651,20,18,37,40,2,37,2,2,36,7,2,37,2,27
692,692,edisonn692.xlsx,GMM,5000,100,19,2:40,logistic,0.1,1,500,0,652,24,27,38,40,14,38,2,2,37,6,2,37,2,21
693,693,edisonn693.xlsx,GMM,5000,100,19,2:40,logistic,0.1,5,500,0,653,23,21,38,38,2,38,2,2,37,9,2,36,2,28
694,694,edisonn694.xlsx,GMM,5000,100,19,2:40,logistic,0.3,1,500,0,654,25,18,38,34,2,2,2,2,35,38,2,18,2,27
695,695,edisonn695.xlsx,GMM,5000,100,19,2:40,logistic,0.3,5,500,0,655,22,19,38,42,2,38,2,2,38,9,2,38,2,24
696,696,edisonn696.xlsx,GMM,5000,100,20,2:40,logistic,0.1,1,500,0,656,21,16,39,40,2,35,2,2,38,6,2,38,2,29
697,697,edisonn697.xlsx,GMM,5000,100,20,2:40,logistic,0.1,5,500,0,657,24,24,39,34,2,39,2,2,39,8,2,18,2,21
698,698,edisonn698.xlsx,GMM,5000,100,20,2:40,logistic,0.3,1,500,0,658,21,19,36,42,2,2,2,2,36,38,2,25,2,29
699,699,edisonn699.xlsx,GMM,5000,100,20,2:40,logistic,0.3,5,500,0,659,23,18,39,40,2,39,2,2,39,10,2,18,2,21
700,700,edisonn700.xlsx,GMM,5000,100,21,2:40,logistic,0.1,1,500,0,660,29,24,40,40,2,40,2,2,40,5,2,40,2,22
701,701,edisonn701.xlsx,GMM,5000,100,21,2:40,logistic,0.1,5,500,0,661,22,18,40,44,2,40,2,2,40,6,2,40,2,23
702,702,edisonn702.xlsx,GMM,5000,100,21,2:40,logistic,0.3,1,500,0,662,24,15,39,36,2,2,2,2,39,40,2,19,2,30
703,703,edisonn703.xlsx,GMM,5000,100,21,2:40,logistic,0.3,5,500,0,663,22,25,40,46,2,40,2,2,40,8,2,40,2,24
704,704,edisonn704.xlsx,GMM,5000,100,22,2:40,logistic,0.1,1,500,0,664,24,9,41,46,2,24,2,2,41,8,2,40,2,23
705,705,edisonn705.xlsx,GMM,5000,100,22,2:40,logistic,0.1,5,500,0,665,23,27,41,46,2,38,2,2,40,9,2,41,2,27
706,706,edisonn706.xlsx,GMM,5000,100,22,2:40,logistic,0.3,1,500,0,666,24,24,41,42,22,29,2,2,41,6,2,22,2,23
707,707,edisonn707.xlsx,GMM,5000,100,22,2:40,logistic,0.3,5,500,0,667,24,18,41,46,2,32,2,2,40,9,2,36,2,30
708,708,edisonn708.xlsx,GMM,5000,100,23,2:40,logistic,0.1,1,500,0,668,35,27,42,36,2,42,2,2,41,8,2,42,2,32
709,709,edisonn709.xlsx,GMM,5000,100,23,2:40,logistic,0.1,5,500,0,669,27,18,42,52,2,42,2,2,41,9,2,41,2,32
710,710,edisonn710.xlsx,GMM,5000,100,23,2:40,logistic,0.3,1,500,0,670,33,4,42,36,2,2,2,2,42,12,2,29,2,32
711,711,edisonn711.xlsx,GMM,5000,100,23,2:40,logistic,0.3,5,500,0,671,28,23,42,44,2,28,2,2,42,12,2,40,2,32
712,712,edisonn712.xlsx,GMM,5000,100,24,2:40,logistic,0.1,1,500,0,672,26,26,43,50,2,43,2,2,42,12,2,43,2,33
713,713,edisonn713.xlsx,GMM,5000,100,24,2:40,logistic,0.1,5,500,0,673,28,24,42,44,23,42,2,2,42,10,2,23,2,33
714,714,edisonn714.xlsx,GMM,5000,100,24,2:40,logistic,0.3,1,500,0,674,42,29,43,38,2,2,2,2,43,9,2,37,2,33
715,715,edisonn715.xlsx,GMM,5000,100,24,2:40,logistic,0.3,5,500,0,675,24,26,43,42,2,43,2,2,43,7,2,22,2,33
716,716,edisonn716.xlsx,GMM,5000,100,25,2:40,logistic,0.1,1,500,0,676,26,32,44,50,26,44,26,3,44,2,26,26,44,34
717,717,edisonn717.xlsx,GMM,5000,100,25,2:40,logistic,0.1,5,500,0,677,29,27,44,46,24,44,2,2,43,8,2,24,2,34
718,718,edisonn718.xlsx,GMM,5000,100,25,2:40,logistic,0.3,1,500,0,678,25,32,39,48,2,34,2,2,39,14,2,22,2,34
719,719,edisonn719.xlsx,GMM,5000,100,25,2:40,logistic,0.3,5,500,0,679,24,25,44,46,24,44,2,2,44,9,2,24,2,28
720,720,edisonn720.xlsx,GMM,5000,100,26,2:40,logistic,0.1,1,500,0,680,33,4,45,46,23,45,2,2,45,10,2,24,2,35
721,721,edisonn721.xlsx,GMM,5000,100,26,2:40,logistic,0.1,5,500,0,681,43,20,45,54,2,45,2,2,45,10,2,43,2,33
722,722,edisonn722.xlsx,GMM,5000,100,26,2:40,logistic,0.3,1,500,0,682,30,30,40,50,2,2,2,2,40,14,2,40,2,35
723,723,edisonn723.xlsx,GMM,5000,100,26,2:40,logistic,0.3,5,500,0,683,26,5,43,52,2,43,2,2,45,13,2,42,2,34
724,724,edisonn724.xlsx,GMM,5000,100,27,2:40,logistic,0.1,1,500,0,684,31,32,46,48,25,46,2,2,45,10,2,25,2,30
725,725,edisonn725.xlsx,GMM,5000,100,27,2:40,logistic,0.1,5,500,0,685,33,26,46,44,2,46,2,2,45,7,2,46,2,35
726,726,edisonn726.xlsx,GMM,5000,100,27,2:40,logistic,0.3,1,500,0,686,26,26,46,60,2,36,2,2,46,9,2,39,2,36
727,727,edisonn727.xlsx,GMM,5000,100,27,2:40,logistic,0.3,5,500,0,687,26,33,46,50,23,46,2,2,46,11,2,26,2,28
728,728,edisonn728.xlsx,GMM,5000,100,28,2:40,logistic,0.1,1,500,0,688,29,32,47,56,2,47,2,2,47,9,2,25,2,37
729,729,edisonn729.xlsx,GMM,5000,100,28,2:40,logistic,0.1,5,500,0,689,38,7,47,64,2,47,2,2,47,15,2,46,2,37
730,730,edisonn730.xlsx,GMM,5000,100,28,2:40,logistic,0.3,1,500,0,690,31,13,45,52,2,41,2,2,44,8,2,41,2,37
731,731,edisonn731.xlsx,GMM,5000,100,28,2:40,logistic,0.3,5,500,0,691,38,27,47,52,2,47,2,2,47,14,2,47,2,31
732,732,edisonn732.xlsx,GMM,5000,100,29,2:40,logistic,0.1,1,500,0,692,32,35,48,62,23,47,2,2,47,11,2,47,2,37
733,733,edisonn733.xlsx,GMM,5000,100,29,2:40,logistic,0.1,5,500,0,693,29,29,48,56,29,43,2,2,48,8,29,29,2,30
734,734,edisonn734.xlsx,GMM,5000,100,29,2:40,logistic,0.3,1,500,0,694,36,41,47,56,2,47,2,2,47,12,2,44,2,30
735,735,edisonn735.xlsx,GMM,5000,100,29,2:40,logistic,0.3,5,500,0,695,36,34,48,52,27,48,2,2,48,9,2,27,2,38
736,736,edisonn736.xlsx,GMM,5000,100,30,2:40,logistic,0.1,1,500,0,696,30,25,48,58,25,47,2,2,48,10,2,42,2,39
737,737,edisonn737.xlsx,GMM,5000,100,30,2:40,logistic,0.1,5,500,0,697,30,23,49,58,2,49,2,2,49,9,2,49,2,34
738,738,edisonn738.xlsx,GMM,5000,100,30,2:40,logistic,0.3,1,500,0,698,33,19,49,64,2,45,2,2,49,13,2,43,2,32
739,739,edisonn739.xlsx,GMM,5000,100,30,2:40,logistic,0.3,5,500,0,699,30,6,49,60,2,49,2,2,49,11,2,49,2,31
740,740,edisonn740.xlsx,GMM,5000,100,31,2:40,logistic,0.1,1,500,0,700,42,33,49,56,2,46,2,2,49,11,2,49,2,40
741,741,edisonn741.xlsx,GMM,5000,100,31,2:40,logistic,0.1,5,500,0,701,33,36,50,60,2,50,2,2,50,9,2,50,2,33
742,742,edisonn742.xlsx,GMM,5000,100,31,2:40,logistic,0.3,1,500,0,702,37,34,50,70,2,42,2,2,50,15,2,48,2,40
743,743,edisonn743.xlsx,GMM,5000,100,31,2:40,logistic,0.3,5,500,0,703,31,45,50,60,2,50,2,2,48,10,2,50,2,34
744,744,edisonn744.xlsx,GMM,5000,100,32,2:40,logistic,0.1,1,500,0,704,35,39,50,58,2,49,2,2,50,13,2,49,2,40
745,745,edisonn745.xlsx,GMM,5000,100,32,2:40,logistic,0.1,5,500,0,705,40,31,51,60,2,44,2,2,51,13,2,51,2,33
746,746,edisonn746.xlsx,GMM,5000,100,32,2:40,logistic,0.3,1,500,0,706,38,9,51,74,2,50,2,2,49,12,2,50,2,41
747,747,edisonn747.xlsx,GMM,5000,100,32,2:40,logistic,0.3,5,500,0,707,45,32,51,72,2,51,2,2,51,16,2,51,2,36
748,748,edisonn748.xlsx,GMM,5000,100,33,2:40,logistic,0.1,1,500,0,708,37,37,52,72,2,37,2,2,52,11,2,48,2,39
749,749,edisonn749.xlsx,GMM,5000,100,33,2:40,logistic,0.1,5,500,0,709,34,10,52,70,2,52,2,2,52,8,2,52,2,41
750,750,edisonn750.xlsx,GMM,5000,100,33,2:40,logistic,0.3,1,500,0,710,39,34,51,52,2,51,2,2,50,14,2,51,2,42
751,751,edisonn751.xlsx,GMM,5000,100,33,2:40,logistic,0.3,5,500,0,711,38,40,52,68,2,40,2,2,52,16,2,51,2,40
752,752,edisonn752.xlsx,GMM,5000,100,34,2:40,logistic,0.1,1,500,0,712,41,41,53,62,2,53,2,2,52,16,2,53,2,41
753,753,edisonn753.xlsx,GMM,5000,100,34,2:40,logistic,0.1,5,500,0,713,39,35,51,68,26,51,2,2,51,12,2,51,2,42
754,754,edisonn754.xlsx,GMM,5000,100,34,2:40,logistic,0.3,1,500,0,714,48,40,52,58,2,50,2,2,52,17,2,50,2,39
755,755,edisonn755.xlsx,GMM,5000,100,34,2:40,logistic,0.3,5,500,0,715,35,36,53,70,2,53,2,2,53,14,2,53,2,39
756,756,edisonn756.xlsx,GMM,5000,100,35,2:40,logistic,0.1,1,500,0,716,45,37,54,68,2,54,2,2,54,12,2,54,2,44
757,757,edisonn757.xlsx,GMM,5000,100,35,2:40,logistic,0.1,5,500,0,717,38,41,53,64,2,48,2,2,53,10,2,54,2,44
758,758,edisonn758.xlsx,GMM,5000,100,35,2:40,logistic,0.3,1,500,0,718,40,34,54,66,2,54,2,2,54,14,2,54,2,43
759,759,edisonn759.xlsx,GMM,5000,100,35,2:40,logistic,0.3,5,500,0,719,38,10,54,74,2,38,2,2,54,13,2,32,2,43
760,760,edisonn760.xlsx,GMM,5000,100,36,2:40,logistic,0.1,1,500,0,720,53,39,55,72,2,55,2,2,55,11,2,54,2,45
761,761,edisonn761.xlsx,GMM,5000,100,36,2:40,logistic,0.1,5,500,0,721,43,31,54,72,2,54,2,2,53,12,2,54,2,40
762,762,edisonn762.xlsx,GMM,5000,100,36,2:40,logistic,0.3,1,500,0,722,50,42,55,82,2,55,2,2,55,14,2,55,2,43
763,763,edisonn763.xlsx,GMM,5000,100,36,2:40,logistic,0.3,5,500,0,723,43,32,55,72,2,55,2,2,55,15,2,55,2,41
764,764,edisonn764.xlsx,GMM,5000,100,37,2:40,logistic,0.1,1,500,0,724,45,37,56,70,2,50,2,2,56,16,2,56,2,46
765,765,edisonn765.xlsx,GMM,5000,100,37,2:40,logistic,0.1,5,500,0,725,36,36,56,70,2,49,2,2,56,12,2,56,2,46
766,766,edisonn766.xlsx,GMM,5000,100,37,2:40,logistic,0.3,1,500,0,726,38,40,56,74,2,56,2,2,56,15,2,56,2,45
767,767,edisonn767.xlsx,GMM,5000,100,37,2:40,logistic,0.3,5,500,0,727,40,48,56,78,2,46,2,2,56,16,2,56,2,37
768,768,edisonn768.xlsx,GMM,5000,100,38,2:40,logistic,0.1,1,500,0,728,38,43,57,70,2,57,2,2,57,17,2,55,2,41
769,769,edisonn769.xlsx,GMM,5000,100,38,2:40,logistic,0.1,5,500,0,729,39,44,57,76,2,57,2,2,57,15,2,57,2,47
770,770,edisonn770.xlsx,GMM,5000,100,38,2:40,logistic,0.3,1,500,0,730,37,38,57,72,2,57,2,2,56,14,2,57,2,46
771,771,edisonn771.xlsx,GMM,5000,100,38,2:40,logistic,0.3,5,500,0,731,43,10,57,72,2,57,2,2,57,15,2,57,2,47
772,772,edisonn772.xlsx,GMM,5000,100,39,2:40,logistic,0.1,1,500,0,732,51,38,58,74,2,50,2,2,58,13,2,58,2,47
773,773,edisonn773.xlsx,GMM,5000,100,39,2:40,logistic,0.1,5,500,0,733,49,51,58,72,2,58,2,2,58,13,2,58,2,44
774,774,edisonn774.xlsx,GMM,5000,100,39,2:40,logistic,0.3,1,500,0,734,46,36,58,70,2,58,2,2,57,16,2,58,2,48
775,775,edisonn775.xlsx,GMM,5000,100,39,2:40,logistic,0.3,5,500,0,735,36,43,58,70,2,58,2,2,58,16,2,36,2,48
776,776,edisonn776.xlsx,GMM,5000,100,40,2:40,logistic,0.1,1,500,0,736,47,38,59,74,2,57,2,2,59,15,2,59,2,49
777,777,edisonn777.xlsx,GMM,5000,100,40,2:40,logistic,0.1,5,500,0,737,43,39,59,76,2,59,2,2,59,19,2,55,2,49
778,778,edisonn778.xlsx,GMM,5000,100,40,2:40,logistic,0.3,1,500,0,738,44,44,59,76,2,59,2,2,59,23,2,56,2,48
779,779,edisonn779.xlsx,GMM,5000,100,40,2:40,logistic,0.3,5,500,0,739,41,42,59,80,2,54,2,2,59,11,2,58,2,49
780,780,edisonn780.xlsx,GMM,5000,200,2,2:40,logistic,0.1,1,500,0,740,3,4,21,16,3,3,3,3,3,21,3,3,3,11
781,781,edisonn781.xlsx,GMM,5000,200,2,2:40,logistic,0.1,5,500,0,741,3,3,20,4,3,3,3,3,20,2,3,3,20,3
782,782,edisonn782.xlsx,GMM,5000,200,2,2:40,logistic,0.3,1,500,0,742,2,14,21,3,2,2,3,2,2,21,2,2,2,4
783,783,edisonn783.xlsx,GMM,5000,200,2,2:40,logistic,0.3,5,500,0,743,3,3,20,4,3,3,3,3,15,21,3,3,15,11
784,784,edisonn784.xlsx,GMM,5000,200,3,2:40,logistic,0.1,1,500,0,744,4,4,22,16,4,5,4,3,5,15,4,4,5,12
785,785,edisonn785.xlsx,GMM,5000,200,3,2:40,logistic,0.1,5,500,0,745,7,3,22,3,3,2,5,2,21,3,2,22,2,4
786,786,edisonn786.xlsx,GMM,5000,200,3,2:40,logistic,0.3,1,500,0,746,4,8,22,5,4,4,4,4,4,21,4,4,4,4
787,787,edisonn787.xlsx,GMM,5000,200,3,2:40,logistic,0.3,5,500,0,747,6,3,22,3,3,2,5,2,9,20,2,8,2,6
788,788,edisonn788.xlsx,GMM,5000,200,4,2:40,logistic,0.1,1,500,0,748,5,5,23,8,5,5,5,2,9,23,5,5,2,13
789,789,edisonn789.xlsx,GMM,5000,200,4,2:40,logistic,0.1,5,500,0,749,5,5,23,8,5,5,5,2,23,3,5,5,2,6
790,790,edisonn790.xlsx,GMM,5000,200,4,2:40,logistic,0.3,1,500,0,750,2,10,23,3,2,2,5,2,5,19,2,2,2,5
791,791,edisonn791.xlsx,GMM,5000,200,4,2:40,logistic,0.3,5,500,0,751,5,5,23,8,5,5,5,2,11,12,5,5,2,13
792,792,edisonn792.xlsx,GMM,5000,200,5,2:40,logistic,0.1,1,500,0,752,6,6,24,10,6,6,6,3,9,2,6,6,9,12
793,793,edisonn793.xlsx,GMM,5000,200,5,2:40,logistic,0.1,5,500,0,753,6,6,24,10,6,6,6,2,24,3,6,6,2,6
794,794,edisonn794.xlsx,GMM,5000,200,5,2:40,logistic,0.3,1,500,0,754,5,7,24,42,5,5,4,5,8,2,5,5,5,6
795,795,edisonn795.xlsx,GMM,5000,200,5,2:40,logistic,0.3,5,500,0,755,17,7,24,3,2,13,7,2,24,3,2,5,2,7
796,796,edisonn796.xlsx,GMM,5000,200,6,2:40,logistic,0.1,1,500,0,756,7,7,25,12,7,7,7,4,8,2,7,7,8,15
797,797,edisonn797.xlsx,GMM,5000,200,6,2:40,logistic,0.1,5,500,0,757,7,7,25,12,7,7,7,2,24,3,7,7,2,7
798,798,edisonn798.xlsx,GMM,5000,200,6,2:40,logistic,0.3,1,500,0,758,12,11,25,26,3,5,3,5,10,2,5,5,5,14
799,799,edisonn799.xlsx,GMM,5000,200,6,2:40,logistic,0.3,5,500,0,759,9,6,24,14,2,13,8,2,24,25,2,6,2,7
800,800,edisonn800.xlsx,GMM,5000,200,7,2:40,logistic,0.1,1,500,0,760,8,9,26,14,8,8,8,3,15,2,8,8,15,16
801,801,edisonn801.xlsx,GMM,5000,200,7,2:40,logistic,0.1,5,500,0,761,9,7,26,12,7,26,9,2,25,3,2,7,2,8
802,802,edisonn802.xlsx,GMM,5000,200,7,2:40,logistic,0.3,1,500,0,762,8,10,26,36,8,8,4,8,11,2,8,8,8,16
803,803,edisonn803.xlsx,GMM,5000,200,7,2:40,logistic,0.3,5,500,0,763,9,5,26,12,7,26,9,2,26,3,2,7,2,9
804,804,edisonn804.xlsx,GMM,5000,200,8,2:40,logistic,0.1,1,500,0,764,22,12,24,14,8,20,11,2,20,27,2,8,2,17
805,805,edisonn805.xlsx,GMM,5000,200,8,2:40,logistic,0.1,5,500,0,765,9,9,27,16,9,9,9,2,27,4,9,9,2,13
806,806,edisonn806.xlsx,GMM,5000,200,8,2:40,logistic,0.3,1,500,0,766,2,19,27,3,2,2,2,2,12,26,2,2,2,11
807,807,edisonn807.xlsx,GMM,5000,200,8,2:40,logistic,0.3,5,500,0,767,9,12,27,16,9,9,9,2,27,5,9,9,2,10
808,808,edisonn808.xlsx,GMM,5000,200,9,2:40,logistic,0.1,1,500,0,768,10,10,27,18,10,10,10,2,19,28,10,10,2,18
809,809,edisonn809.xlsx,GMM,5000,200,9,2:40,logistic,0.1,5,500,0,769,10,10,28,18,10,10,10,2,28,4,10,10,2,14
810,810,edisonn810.xlsx,GMM,5000,200,9,2:40,logistic,0.3,1,500,0,770,2,17,28,30,2,2,2,2,13,28,2,2,2,17
811,811,edisonn811.xlsx,GMM,5000,200,9,2:40,logistic,0.3,5,500,0,771,12,9,28,16,9,28,12,2,28,4,2,9,2,11
812,812,edisonn812.xlsx,GMM,5000,200,10,2:40,logistic,0.1,1,500,0,772,25,11,29,18,10,18,13,2,18,4,10,10,2,19
813,813,edisonn813.xlsx,GMM,5000,200,10,2:40,logistic,0.1,5,500,0,773,12,8,29,22,8,29,12,3,29,2,8,29,29,11
814,814,edisonn814.xlsx,GMM,5000,200,10,2:40,logistic,0.3,1,500,0,774,11,13,27,24,11,2,2,2,16,29,2,11,2,19
815,815,edisonn815.xlsx,GMM,5000,200,10,2:40,logistic,0.3,5,500,0,775,12,14,29,22,9,29,12,3,28,2,9,29,28,11
816,816,edisonn816.xlsx,GMM,5000,200,11,2:40,logistic,0.1,1,500,0,776,12,8,30,22,12,12,12,3,30,2,12,12,30,12
817,817,edisonn817.xlsx,GMM,5000,200,11,2:40,logistic,0.1,5,500,0,777,13,11,30,20,11,30,13,2,30,5,2,11,2,13
818,818,edisonn818.xlsx,GMM,5000,200,11,2:40,logistic,0.3,1,500,0,778,11,20,30,22,2,2,2,2,17,30,2,2,2,20
819,819,edisonn819.xlsx,GMM,5000,200,11,2:40,logistic,0.3,5,500,0,779,14,12,30,20,11,20,14,2,30,6,2,11,2,13
820,820,edisonn820.xlsx,GMM,5000,200,12,2:40,logistic,0.1,1,500,0,780,15,10,31,28,2,24,15,2,30,4,2,24,2,14
821,821,edisonn821.xlsx,GMM,5000,200,12,2:40,logistic,0.1,5,500,0,781,15,12,31,22,11,31,15,2,31,7,2,12,2,14
822,822,edisonn822.xlsx,GMM,5000,200,12,2:40,logistic,0.3,1,500,0,782,16,16,29,30,2,2,2,2,19,30,2,2,2,19
823,823,edisonn823.xlsx,GMM,5000,200,12,2:40,logistic,0.3,5,500,0,783,15,12,31,22,12,31,15,2,31,5,2,12,2,13
824,824,edisonn824.xlsx,GMM,5000,200,13,2:40,logistic,0.1,1,500,0,784,13,13,32,24,13,22,13,2,32,8,13,13,2,15
825,825,edisonn825.xlsx,GMM,5000,200,13,2:40,logistic,0.1,5,500,0,785,18,11,32,30,2,32,16,2,32,7,2,32,2,14
826,826,edisonn826.xlsx,GMM,5000,200,13,2:40,logistic,0.3,1,500,0,786,16,16,32,28,2,2,2,2,18,32,2,12,2,22
827,827,edisonn827.xlsx,GMM,5000,200,13,2:40,logistic,0.3,5,500,0,787,14,14,32,26,14,14,14,2,32,6,14,14,2,14
828,828,edisonn828.xlsx,GMM,5000,200,14,2:40,logistic,0.1,1,500,0,788,14,15,33,26,14,33,17,2,33,5,14,14,2,16
829,829,edisonn829.xlsx,GMM,5000,200,14,2:40,logistic,0.1,5,500,0,789,17,13,33,24,13,28,16,2,33,5,2,13,2,16
830,830,edisonn830.xlsx,GMM,5000,200,14,2:40,logistic,0.3,1,500,0,790,18,18,32,34,2,2,2,2,21,33,2,13,2,23
831,831,edisonn831.xlsx,GMM,5000,200,14,2:40,logistic,0.3,5,500,0,791,17,14,33,32,2,33,2,2,33,7,2,33,2,16
832,832,edisonn832.xlsx,GMM,5000,200,15,2:40,logistic,0.1,1,500,0,792,16,13,34,30,16,34,16,2,33,7,16,16,2,17
833,833,edisonn833.xlsx,GMM,5000,200,15,2:40,logistic,0.1,5,500,0,793,15,16,34,28,12,26,18,2,34,6,2,15,2,16
834,834,edisonn834.xlsx,GMM,5000,200,15,2:40,logistic,0.3,1,500,0,794,28,21,34,26,2,2,2,2,23,33,2,2,2,23
835,835,edisonn835.xlsx,GMM,5000,200,15,2:40,logistic,0.3,5,500,0,795,19,15,34,28,15,23,18,2,34,6,15,15,2,23
836,836,edisonn836.xlsx,GMM,5000,200,16,2:40,logistic,0.1,1,500,0,796,16,16,35,30,15,35,2,2,35,7,16,16,2,17
837,837,edisonn837.xlsx,GMM,5000,200,16,2:40,logistic,0.1,5,500,0,797,17,20,35,36,2,20,19,2,33,6,2,35,2,23
838,838,edisonn838.xlsx,GMM,5000,200,16,2:40,logistic,0.3,1,500,0,798,16,22,35,42,2,2,2,2,31,35,2,2,2,25
839,839,edisonn839.xlsx,GMM,5000,200,16,2:40,logistic,0.3,5,500,0,799,17,7,35,32,2,35,20,2,35,6,2,33,2,18
